timestamp,kw_energy_consumption
datetime,float
T,
01/01/14 00:00,3.4082
01/01/14 01:00,3.3894
01/01/14 02:00,3.3935
01/01/14 03:00,3.4025
01/01/14 04:00,3.4020
01/01/14 05:00,3.4020
01/01/14 06:00,3.4020
01/01/14 07:00,3.4030
01/01/14 08:00,3.4051
01/01/14 09:00,3.4100
01/01/14 10:00,6.8883
01/01/14 11:00,7.0958
01/01/14 12:00,7.1568
01/01/14 13:00,7.1195
01/01/14 14:00,7.0723
01/01/14 15:00,7.1784
01/01/14 16:00,7.1163
01/01/14 17:00,7.1345
01/01/14 18:00,7.0700
01/01/14 19:00,6.9211
01/01/14 20:00,7.0776
01/01/14 21:00,7.0981
01/01/14 22:00,7.1794
01/01/14 23:00,7.1287
01/02/14 00:00,7.0463
01/02/14 01:00,7.1100
01/02/14 02:00,6.9695
01/02/14 03:00,7.0787
01/02/14 04:00,7.0187
01/02/14 05:00,7.1136
01/02/14 06:00,7.3413
01/02/14 07:00,7.2339
01/02/14 08:00,7.1388
01/02/14 09:00,6.8523
01/02/14 10:00,7.2790
01/02/14 11:00,7.3419
01/02/14 12:00,7.2769
01/02/14 13:00,7.2936
01/02/14 14:00,6.9750
01/02/14 15:00,7.0202
01/02/14 16:00,7.2368
01/02/14 17:00,7.1180
01/02/14 18:00,7.0895
01/02/14 19:00,6.9161
01/02/14 20:00,7.1064
01/02/14 21:00,7.1010
01/02/14 22:00,7.1877
01/02/14 23:00,7.1178
01/03/14 00:00,6.7111
01/03/14 01:00,6.7048
01/03/14 02:00,6.6493
01/03/14 03:00,6.6831
01/03/14 04:00,6.7345
01/03/14 05:00,6.7703
01/03/14 06:00,6.7853
01/03/14 07:00,6.8643
01/03/14 08:00,6.6422
01/03/14 09:00,6.7683
01/03/14 10:00,6.7687
01/03/14 11:00,6.6858
01/03/14 12:00,6.6231
01/03/14 13:00,6.6900
01/03/14 14:00,6.6272
01/03/14 15:00,6.5801
01/03/14 16:00,6.5860
01/03/14 17:00,6.6197
01/03/14 18:00,6.6327
01/03/14 19:00,6.5766
01/03/14 20:00,6.6953
01/03/14 21:00,6.6612
01/03/14 22:00,6.6331
01/03/14 23:00,6.6092
01/04/14 00:00,6.1348
01/04/14 01:00,6.1248
01/04/14 02:00,6.1171
01/04/14 03:00,6.1159
01/04/14 04:00,6.1246
01/04/14 05:00,6.1391
01/04/14 06:00,6.2534
01/04/14 07:00,6.2602
01/04/14 08:00,6.2109
01/04/14 09:00,6.1288
01/04/14 10:00,6.2316
01/04/14 11:00,6.1961
01/04/14 12:00,6.1947
01/04/14 13:00,6.1530
01/04/14 14:00,6.1625
01/04/14 15:00,6.1412
01/04/14 16:00,6.2002
01/04/14 17:00,6.1629
01/04/14 18:00,6.1698
01/04/14 19:00,6.1633
01/04/14 20:00,6.1128
01/04/14 21:00,6.0744
01/04/14 22:00,6.1165
01/04/14 23:00,6.1245
01/05/14 00:00,6.0532
01/05/14 01:00,6.0796
01/05/14 02:00,5.9034
01/05/14 03:00,6.0419
01/05/14 04:00,6.0537
01/05/14 05:00,6.0550
01/05/14 06:00,6.1371
01/05/14 07:00,6.1323
01/05/14 08:00,6.1226
01/05/14 09:00,6.1175
01/05/14 10:00,6.0777
01/05/14 11:00,6.1277
01/05/14 12:00,6.1161
01/05/14 13:00,6.1014
01/05/14 14:00,6.1060
01/05/14 15:00,6.1377
01/05/14 16:00,6.1398
01/05/14 17:00,6.0894
01/05/14 18:00,6.1611
01/05/14 19:00,6.1334
01/05/14 20:00,6.1800
01/05/14 21:00,6.1422
01/05/14 22:00,6.1247
01/05/14 23:00,6.1019
01/06/14 00:00,6.1015
01/06/14 01:00,6.0250
01/06/14 02:00,5.9823
01/06/14 03:00,6.0434
01/06/14 04:00,6.0470
01/06/14 05:00,6.1747
01/06/14 06:00,6.2489
01/06/14 07:00,6.2626
01/06/14 08:00,6.3752
01/06/14 09:00,6.2317
01/06/14 10:00,6.2728
01/06/14 11:00,6.3547
01/06/14 12:00,6.3315
01/06/14 13:00,6.2841
01/06/14 14:00,6.2191
01/06/14 15:00,6.1918
01/06/14 16:00,6.1805
01/06/14 17:00,6.1857
01/06/14 18:00,6.1085
01/06/14 19:00,6.1509
01/06/14 20:00,6.1631
01/06/14 21:00,6.1147
01/06/14 22:00,6.0727
01/06/14 23:00,6.1187
01/07/14 00:00,6.0584
01/07/14 01:00,6.0530
01/07/14 02:00,6.0784
01/07/14 03:00,6.0468
01/07/14 04:00,6.0708
01/07/14 05:00,6.1205
01/07/14 06:00,6.2012
01/07/14 07:00,6.2232
01/07/14 08:00,6.2079
01/07/14 09:00,6.2967
01/07/14 10:00,6.2114
01/07/14 11:00,6.3004
01/07/14 12:00,6.2659
01/07/14 13:00,6.2758
01/07/14 14:00,6.2612
01/07/14 15:00,6.2084
01/07/14 16:00,6.1736
01/07/14 17:00,6.1412
01/07/14 18:00,6.1748
01/07/14 19:00,6.1429
01/07/14 20:00,6.1500
01/07/14 21:00,6.0923
01/07/14 22:00,6.1118
01/07/14 23:00,6.1086
01/08/14 00:00,6.0726
01/08/14 01:00,6.0029
01/08/14 02:00,6.0715
01/08/14 03:00,6.0972
01/08/14 04:00,6.0328
01/08/14 05:00,6.0887
01/08/14 06:00,6.3011
01/08/14 07:00,6.3174
01/08/14 08:00,6.4362
01/08/14 09:00,6.6520
01/08/14 10:00,6.4020
01/08/14 11:00,6.7365
01/08/14 12:00,7.1852
01/08/14 13:00,12.2098
01/08/14 14:00,12.2684
01/08/14 15:00,12.1711
01/08/14 16:00,12.2430
01/08/14 17:00,12.2262
01/08/14 18:00,12.1379
01/08/14 19:00,12.3674
01/08/14 20:00,12.4622
01/08/14 21:00,12.2948
01/08/14 22:00,12.2999
01/08/14 23:00,12.2768
01/09/14 00:00,12.3489
01/09/14 01:00,12.3343
01/09/14 02:00,12.3315
01/09/14 03:00,12.2776
01/09/14 04:00,12.3694
01/09/14 05:00,12.3969
01/09/14 06:00,12.1863
01/09/14 07:00,12.3426
01/09/14 08:00,12.3198
01/09/14 09:00,12.4950
01/09/14 10:00,12.0182
01/09/14 11:00,12.5982
01/09/14 12:00,12.5719
01/09/14 13:00,12.5755
01/09/14 14:00,12.3971
01/09/14 15:00,12.4363
01/09/14 16:00,12.4200
01/09/14 17:00,12.3189
01/09/14 18:00,12.3128
01/09/14 19:00,12.2843
01/09/14 20:00,12.3690
01/09/14 21:00,12.3375
01/09/14 22:00,12.2531
01/09/14 23:00,12.2433
01/10/14 00:00,12.3406
01/10/14 01:00,12.3577
01/10/14 02:00,12.3245
01/10/14 03:00,12.3044
01/10/14 04:00,12.2834
01/10/14 05:00,12.4974
01/10/14 06:00,12.4102
01/10/14 07:00,12.5220
01/10/14 08:00,12.5494
01/10/14 09:00,12.5427
01/10/14 10:00,12.1581
01/10/14 11:00,12.2800
01/10/14 12:00,12.6073
01/10/14 13:00,12.4776
01/10/14 14:00,12.3228
01/10/14 15:00,12.8578
01/10/14 16:00,13.0026
01/10/14 17:00,13.0793
01/10/14 18:00,12.8290
01/10/14 19:00,12.6630
01/10/14 20:00,12.7364
01/10/14 21:00,12.7952
01/10/14 22:00,12.6776
01/10/14 23:00,12.4633
01/11/14 00:00,12.8464
01/11/14 01:00,12.8796
01/11/14 02:00,12.8708
01/11/14 03:00,12.6195
01/11/14 04:00,13.0126
01/11/14 05:00,12.5656
01/11/14 06:00,12.5263
01/11/14 07:00,12.2254
01/11/14 08:00,12.7704
01/11/14 09:00,12.7832
01/11/14 10:00,12.6929
01/11/14 11:00,12.8354
01/11/14 12:00,12.9298
01/11/14 13:00,10.0843
01/11/14 14:00,6.7688
01/11/14 15:00,6.5216
01/11/14 16:00,6.6020
01/11/14 17:00,6.2513
01/11/14 18:00,6.2440
01/11/14 19:00,6.1829
01/11/14 20:00,6.2152
01/11/14 21:00,6.2533
01/11/14 22:00,6.2105
01/11/14 23:00,5.9667
01/12/14 00:00,6.2110
01/12/14 01:00,6.0997
01/12/14 02:00,6.1665
01/12/14 03:00,6.1245
01/12/14 04:00,6.1764
01/12/14 05:00,6.1317
01/12/14 06:00,6.0762
01/12/14 07:00,5.8162
01/12/14 08:00,6.1418
01/12/14 09:00,6.1873
01/12/14 10:00,6.1786
01/12/14 11:00,6.1718
01/12/14 12:00,6.1920
01/12/14 13:00,6.1446
01/12/14 14:00,6.1661
01/12/14 15:00,6.1424
01/12/14 16:00,6.0914
01/12/14 17:00,5.9900
01/12/14 18:00,6.0913
01/12/14 19:00,6.0653
01/12/14 20:00,6.1616
01/12/14 21:00,6.2058
01/12/14 22:00,6.0875
01/12/14 23:00,6.1126
01/13/14 00:00,6.0491
01/13/14 01:00,5.9369
01/13/14 02:00,6.1396
01/13/14 03:00,5.7857
01/13/14 04:00,6.0683
01/13/14 05:00,6.0955
01/13/14 06:00,6.0033
01/13/14 07:00,5.7343
01/13/14 08:00,6.2623
01/13/14 09:00,6.2586
01/13/14 10:00,6.2133
01/13/14 11:00,6.1671
01/13/14 12:00,6.2750
01/13/14 13:00,6.3215
01/13/14 14:00,6.2916
01/13/14 15:00,6.1781
01/13/14 16:00,6.2163
01/13/14 17:00,6.2189
01/13/14 18:00,6.0700
01/13/14 19:00,6.0706
01/13/14 20:00,5.8706
01/13/14 21:00,6.0427
01/13/14 22:00,5.8738
01/13/14 23:00,5.9236
01/14/14 00:00,5.5298
01/14/14 01:00,5.4963
01/14/14 02:00,5.4907
01/14/14 03:00,5.5142
01/14/14 04:00,5.5565
01/14/14 05:00,5.5327
01/14/14 06:00,5.6448
01/14/14 07:00,5.6705
01/14/14 08:00,5.6089
01/14/14 09:00,0.4230
01/14/14 10:00,1.1685
01/14/14 11:00,5.7273
01/14/14 12:00,5.6921
01/14/14 13:00,5.7334
01/14/14 14:00,5.6414
01/14/14 15:00,5.5954
01/14/14 16:00,5.6080
01/14/14 17:00,5.5714
01/14/14 18:00,5.5697
01/14/14 19:00,5.6129
01/14/14 20:00,5.4905
01/14/14 21:00,5.5968
01/14/14 22:00,5.5586
01/14/14 23:00,5.5849
01/15/14 00:00,5.5485
01/15/14 01:00,5.5271
01/15/14 02:00,5.5051
01/15/14 03:00,5.5297
01/15/14 04:00,5.3272
01/15/14 05:00,5.7213
01/15/14 06:00,5.7381
01/15/14 07:00,5.7763
01/15/14 08:00,5.5944
01/15/14 09:00,5.7724
01/15/14 10:00,5.7566
01/15/14 11:00,5.7464
01/15/14 12:00,5.7797
01/15/14 13:00,5.7635
01/15/14 14:00,5.1640
01/15/14 15:00,4.5417
01/15/14 16:00,5.4460
01/15/14 17:00,6.4262
01/15/14 18:00,5.7293
01/15/14 19:00,5.7828
01/15/14 20:00,5.6617
01/15/14 21:00,5.7826
01/15/14 22:00,5.5037
01/15/14 23:00,5.5180
01/16/14 00:00,5.7553
01/16/14 01:00,5.6539
01/16/14 02:00,5.5047
01/16/14 03:00,5.5817
01/16/14 04:00,5.5091
01/16/14 05:00,5.5129
01/16/14 06:00,5.2754
01/16/14 07:00,5.2111
01/16/14 08:00,5.2212
01/16/14 09:00,1.0184
01/16/14 10:00,1.0486
01/16/14 11:00,5.5145
01/16/14 12:00,5.8949
01/16/14 13:00,5.8460
01/16/14 14:00,5.8449
01/16/14 15:00,5.4011
01/16/14 16:00,5.2157
01/16/14 17:00,5.6982
01/16/14 18:00,5.6566
01/16/14 19:00,5.3278
01/16/14 20:00,5.7839
01/16/14 21:00,5.7638
01/16/14 22:00,5.4156
01/16/14 23:00,5.2549
01/17/14 00:00,5.4898
01/17/14 01:00,5.4377
01/17/14 02:00,5.3667
01/17/14 03:00,5.3378
01/17/14 04:00,5.6505
01/17/14 05:00,5.7157
01/17/14 06:00,5.7571
01/17/14 07:00,5.3895
01/17/14 08:00,5.5153
01/17/14 09:00,5.8867
01/17/14 10:00,5.7582
01/17/14 11:00,5.9115
01/17/14 12:00,6.0061
01/17/14 13:00,6.1169
01/17/14 14:00,6.4019
01/17/14 15:00,10.4845
01/17/14 16:00,10.7397
01/17/14 17:00,10.8679
01/17/14 18:00,10.9075
01/17/14 19:00,10.9385
01/17/14 20:00,10.9821
01/17/14 21:00,10.9448
01/17/14 22:00,10.9244
01/17/14 23:00,10.9150
01/18/14 00:00,10.8979
01/18/14 01:00,10.8828
01/18/14 02:00,10.8757
01/18/14 03:00,10.8983
01/18/14 04:00,10.8968
01/18/14 05:00,10.8375
01/18/14 06:00,10.8606
01/18/14 07:00,10.8755
01/18/14 08:00,10.9374
01/18/14 09:00,10.9310
01/18/14 10:00,10.9525
01/18/14 11:00,12.1674
01/18/14 12:00,12.3364
01/18/14 13:00,12.2763
01/18/14 14:00,12.2530
01/18/14 15:00,12.0346
01/18/14 16:00,12.2517
01/18/14 17:00,12.2279
01/18/14 18:00,12.3136
01/18/14 19:00,12.3596
01/18/14 20:00,12.2767
01/18/14 21:00,12.2802
01/18/14 22:00,12.2788
01/18/14 23:00,12.0193
01/19/14 00:00,12.2822
01/19/14 01:00,12.3124
01/19/14 02:00,12.2408
01/19/14 03:00,12.1272
01/19/14 04:00,12.2670
01/19/14 05:00,12.1890
01/19/14 06:00,12.2348
01/19/14 07:00,12.0508
01/19/14 08:00,12.2437
01/19/14 09:00,12.3694
01/19/14 10:00,12.2947
01/19/14 11:00,12.2753
01/19/14 12:00,12.2779
01/19/14 13:00,11.9386
01/19/14 14:00,11.8205
01/19/14 15:00,11.9483
01/19/14 16:00,12.2831
01/19/14 17:00,12.3138
01/19/14 18:00,12.2045
01/19/14 19:00,12.2881
01/19/14 20:00,12.3355
01/19/14 21:00,12.2902
01/19/14 22:00,12.2762
01/19/14 23:00,12.1785
01/20/14 00:00,12.2435
01/20/14 01:00,12.2502
01/20/14 02:00,12.1162
01/20/14 03:00,12.1333
01/20/14 04:00,12.2856
01/20/14 05:00,12.2993
01/20/14 06:00,12.3827
01/20/14 07:00,12.0576
01/20/14 08:00,12.1821
01/20/14 09:00,12.0126
01/20/14 10:00,11.9718
01/20/14 11:00,11.8784
01/20/14 12:00,6.7584
01/20/14 13:00,6.2755
01/20/14 14:00,5.9785
01/20/14 15:00,5.8211
01/20/14 16:00,5.7472
01/20/14 17:00,5.7713
01/20/14 18:00,5.7389
01/20/14 19:00,5.7134
01/20/14 20:00,5.7519
01/20/14 21:00,5.6989
01/20/14 22:00,5.6986
01/20/14 23:00,5.7093
01/21/14 00:00,6.1739
01/21/14 01:00,6.1631
01/21/14 02:00,6.1334
01/21/14 03:00,6.2071
01/21/14 04:00,6.2768
01/21/14 05:00,6.2421
01/21/14 06:00,6.0868
01/21/14 07:00,6.3018
01/21/14 08:00,6.2822
01/21/14 09:00,6.2903
01/21/14 10:00,5.8479
01/21/14 11:00,6.1218
01/21/14 12:00,6.1758
01/21/14 13:00,6.1823
01/21/14 14:00,5.9797
01/21/14 15:00,6.1130
01/21/14 16:00,5.9303
01/21/14 17:00,6.0226
01/21/14 18:00,6.0708
01/21/14 19:00,5.6576
01/21/14 20:00,6.0350
01/21/14 21:00,6.0762
01/21/14 22:00,6.0715
01/21/14 23:00,6.0106
01/22/14 00:00,5.6377
01/22/14 01:00,5.5738
01/22/14 02:00,5.6183
01/22/14 03:00,5.5996
01/22/14 04:00,5.6697
01/22/14 05:00,5.6883
01/22/14 06:00,5.7046
01/22/14 07:00,5.7685
01/22/14 08:00,5.8418
01/22/14 09:00,5.9338
01/22/14 10:00,5.8706
01/22/14 11:00,6.1943
01/22/14 12:00,6.0079
01/22/14 13:00,6.0173
01/22/14 14:00,6.1090
01/22/14 15:00,6.3669
01/22/14 16:00,6.2791
01/22/14 17:00,5.8971
01/22/14 18:00,5.9030
01/22/14 19:00,5.8684
01/22/14 20:00,5.9181
01/22/14 21:00,5.8152
01/22/14 22:00,5.8700
01/22/14 23:00,5.8346
01/23/14 00:00,5.8182
01/23/14 01:00,5.7421
01/23/14 02:00,5.7964
01/23/14 03:00,5.7795
01/23/14 04:00,5.8296
01/23/14 05:00,5.8781
01/23/14 06:00,5.9865
01/23/14 07:00,5.9805
01/23/14 08:00,5.8945
01/23/14 09:00,5.9202
01/23/14 10:00,5.9466
01/23/14 11:00,5.9161
01/23/14 12:00,5.8793
01/23/14 13:00,5.8729
01/23/14 14:00,5.8903
01/23/14 15:00,5.8080
01/23/14 16:00,5.8168
01/23/14 17:00,5.8362
01/23/14 18:00,5.9032
01/23/14 19:00,5.9040
01/23/14 20:00,5.8323
01/23/14 21:00,5.7615
01/23/14 22:00,5.7528
01/23/14 23:00,5.7490
01/24/14 00:00,5.6481
01/24/14 01:00,5.6668
01/24/14 02:00,5.6738
01/24/14 03:00,5.6434
01/24/14 04:00,5.6882
01/24/14 05:00,5.7900
01/24/14 06:00,5.9224
01/24/14 07:00,5.9753
01/24/14 08:00,5.9527
01/24/14 09:00,5.9936
01/24/14 10:00,6.0328
01/24/14 11:00,6.0328
01/24/14 12:00,6.0138
01/24/14 13:00,5.9704
01/24/14 14:00,5.9206
01/24/14 15:00,5.8820
01/24/14 16:00,5.8767
01/24/14 17:00,5.8675
01/24/14 18:00,5.8580
01/24/14 19:00,5.9030
01/24/14 20:00,5.8624
01/24/14 21:00,5.8706
01/24/14 22:00,5.9058
01/24/14 23:00,5.8879
01/25/14 00:00,6.3367
01/25/14 01:00,6.3870
01/25/14 02:00,6.4055
01/25/14 03:00,6.3611
01/25/14 04:00,6.3557
01/25/14 05:00,6.3782
01/25/14 06:00,6.4830
01/25/14 07:00,6.5957
01/25/14 08:00,6.8804
01/25/14 09:00,6.9410
01/25/14 10:00,6.7957
01/25/14 11:00,6.8377
01/25/14 12:00,6.7871
01/25/14 13:00,8.1664
01/25/14 14:00,8.7380
01/25/14 15:00,6.9198
01/25/14 16:00,6.4763
01/25/14 17:00,6.3726
01/25/14 18:00,6.3495
01/25/14 19:00,6.3704
01/25/14 20:00,6.3324
01/25/14 21:00,6.3634
01/25/14 22:00,6.3667
01/25/14 23:00,6.3330
01/26/14 00:00,6.3425
01/26/14 01:00,6.3764
01/26/14 02:00,6.3686
01/26/14 03:00,6.3000
01/26/14 04:00,6.3050
01/26/14 05:00,6.2835
01/26/14 06:00,6.2788
01/26/14 07:00,6.1891
01/26/14 08:00,5.9810
01/26/14 09:00,6.2390
01/26/14 10:00,5.4622
01/26/14 11:00,3.8022
01/26/14 12:00,3.5607
01/26/14 13:00,3.5269
01/26/14 14:00,3.5925
01/26/14 15:00,3.6008
01/26/14 16:00,3.5960
01/26/14 17:00,3.5492
01/26/14 18:00,3.3489
01/26/14 19:00,3.0128
01/26/14 20:00,3.2753
01/26/14 21:00,3.0707
01/26/14 22:00,3.1412
01/26/14 23:00,3.1992
01/27/14 00:00,3.4084
01/27/14 01:00,3.2492
01/27/14 02:00,3.2221
01/27/14 03:00,3.2686
01/27/14 04:00,3.2977
01/27/14 05:00,2.9089
01/27/14 06:00,3.3620
01/27/14 07:00,3.5925
01/27/14 08:00,3.2967
01/27/14 09:00,3.4167
01/27/14 10:00,3.3995
01/27/14 11:00,3.3582
01/27/14 12:00,3.2546
01/27/14 13:00,3.2079
01/27/14 14:00,3.4405
01/27/14 15:00,3.5165
01/27/14 16:00,3.3053
01/27/14 17:00,3.3601
01/27/14 18:00,3.4326
01/27/14 19:00,3.5073
01/27/14 20:00,3.4845
01/27/14 21:00,3.4999
01/27/14 22:00,3.5155
01/27/14 23:00,3.5390
01/28/14 00:00,3.4871
01/28/14 01:00,3.5940
01/28/14 02:00,3.4363
01/28/14 03:00,3.4512
01/28/14 04:00,3.4629
01/28/14 05:00,3.4739
01/28/14 06:00,3.1871
01/28/14 07:00,3.0950
01/28/14 08:00,2.9665
01/28/14 09:00,3.0031
01/28/14 10:00,3.5382
01/28/14 11:00,3.8807
01/28/14 12:00,4.6366
01/28/14 13:00,6.2644
01/28/14 14:00,6.0458
01/28/14 15:00,6.0599
01/28/14 16:00,5.9209
01/28/14 17:00,6.1359
01/28/14 18:00,6.1976
01/28/14 19:00,6.1146
01/28/14 20:00,6.1938
01/28/14 21:00,6.1792
01/28/14 22:00,6.1631
01/28/14 23:00,6.1447
01/29/14 00:00,6.1410
01/29/14 01:00,6.1501
01/29/14 02:00,6.1079
01/29/14 03:00,6.0956
01/29/14 04:00,6.1142
01/29/14 05:00,6.1891
01/29/14 06:00,6.2764
01/29/14 07:00,6.2961
01/29/14 08:00,6.1950
01/29/14 09:00,6.2279
01/29/14 10:00,6.2299
01/29/14 11:00,6.3364
01/29/14 12:00,6.2397
01/29/14 13:00,6.3657
01/29/14 14:00,6.2718
01/29/14 15:00,6.2185
01/29/14 16:00,6.0120
01/29/14 17:00,6.2551
01/29/14 18:00,6.2020
01/29/14 19:00,6.1744
01/29/14 20:00,6.1595
01/29/14 21:00,6.1374
01/29/14 22:00,6.1063
01/29/14 23:00,6.1799
01/30/14 00:00,6.1326
01/30/14 01:00,6.1632
01/30/14 02:00,6.1649
01/30/14 03:00,6.1871
01/30/14 04:00,6.2095
01/30/14 05:00,6.1932
01/30/14 06:00,6.2264
01/30/14 07:00,6.2944
01/30/14 08:00,6.2728
01/30/14 09:00,6.1632
01/30/14 10:00,6.2655
01/30/14 11:00,6.2404
01/30/14 12:00,6.2777
01/30/14 13:00,6.2344
01/30/14 14:00,6.1523
01/30/14 15:00,6.1388
01/30/14 16:00,6.1029
01/30/14 17:00,6.1382
01/30/14 18:00,6.1057
01/30/14 19:00,6.1327
01/30/14 20:00,6.1589
01/30/14 21:00,6.1565
01/30/14 22:00,6.1741
01/30/14 23:00,6.1833
01/31/14 00:00,6.1874
01/31/14 01:00,6.0796
01/31/14 02:00,6.1679
01/31/14 03:00,6.1667
01/31/14 04:00,6.2112
01/31/14 05:00,6.2030
01/31/14 06:00,6.2466
01/31/14 07:00,6.3401
01/31/14 08:00,6.2872
01/31/14 09:00,6.3039
01/31/14 10:00,6.3144
01/31/14 11:00,6.3025
01/31/14 12:00,6.4589
01/31/14 13:00,6.4919
01/31/14 14:00,6.1877
01/31/14 15:00,6.2012
01/31/14 16:00,6.2074
01/31/14 17:00,6.2022
01/31/14 18:00,6.2022
01/31/14 19:00,6.2073
01/31/14 20:00,6.3857
01/31/14 21:00,6.3904
01/31/14 22:00,6.4459
01/31/14 23:00,6.7242
02/01/14 00:00,2.760656466
02/01/14 01:00,2.677602272
02/01/14 02:00,2.612974913
02/01/14 03:00,2.892142646
02/01/14 04:00,2.619541468
02/01/14 05:00,2.755621466
02/01/14 06:00,2.891701464
02/01/14 07:00,2.722365551
02/01/14 08:00,2.860282993
02/01/14 09:00,2.796180267
02/01/14 10:00,5.648428182
02/01/14 11:00,5.463805999
02/01/14 12:00,5.868594541
02/01/14 13:00,5.909148249
02/01/14 14:00,5.516359768
02/01/14 15:00,5.814522533
02/01/14 16:00,5.479530191
02/01/14 17:00,5.564934215
02/01/14 18:00,5.868098087
02/01/14 19:00,5.744552617
02/01/14 20:00,5.662075786
02/01/14 21:00,5.607488598
02/01/14 22:00,5.887077417
02/01/14 23:00,5.631678476
02/02/14 00:00,5.566576194
02/02/14 01:00,5.688003139
02/02/14 02:00,5.43620449
02/02/14 03:00,5.733721909
02/02/14 04:00,5.825509944
02/02/14 05:00,5.47744286
02/02/14 06:00,6.166675892
02/02/14 07:00,5.78713911
02/02/14 08:00,5.996586818
02/02/14 09:00,5.413298673
02/02/14 10:00,6.114340515
02/02/14 11:00,6.093783545
02/02/14 12:00,5.82155035
02/02/14 13:00,5.761973071
02/02/14 14:00,5.370788517
02/02/14 15:00,5.686375684
02/02/14 16:00,6.006550417
02/02/14 17:00,5.694401531
02/02/14 18:00,5.884306254
02/02/14 19:00,5.325383105
02/02/14 20:00,5.614077105
02/02/14 21:00,6.035865144
02/02/14 22:00,6.037694568
02/02/14 23:00,5.694247036
02/03/14 00:00,5.368894939
02/03/14 01:00,5.363865642
02/03/14 02:00,5.186463394
02/03/14 03:00,5.61376604
02/03/14 04:00,5.589612307
02/03/14 05:00,5.619343705
02/03/14 06:00,5.496071152
02/03/14 07:00,5.697348156
02/03/14 08:00,5.645845966
02/03/14 09:00,5.279278526
02/03/14 10:00,5.211906843
02/03/14 11:00,5.148062057
02/03/14 12:00,5.563415756
02/03/14 13:00,5.352023296
02/03/14 14:00,5.633161335
02/03/14 15:00,5.264089565
02/03/14 16:00,5.202920007
02/03/14 17:00,5.428189878
02/03/14 18:00,5.571501522
02/03/14 19:00,5.458566112
02/03/14 20:00,5.356237392
02/03/14 21:00,5.328941326
02/03/14 22:00,5.50547018
02/03/14 23:00,5.419516964
02/04/14 00:00,5.214601736
02/04/14 01:00,4.716062784
02/04/14 02:00,5.138346882
02/04/14 03:00,4.831523738
02/04/14 04:00,5.144674663
02/04/14 05:00,5.218226437
02/04/14 06:00,5.252836551
02/04/14 07:00,5.258555107
02/04/14 08:00,5.27925704
02/04/14 09:00,4.964305877
02/04/14 10:00,5.04758615
02/04/14 11:00,5.018850422
02/04/14 12:00,5.141642284
02/04/14 13:00,5.10701159
02/04/14 14:00,5.053253774
02/04/14 15:00,5.220060472
02/04/14 16:00,4.836170587
02/04/14 17:00,4.74541686
02/04/14 18:00,4.93583601
02/04/14 19:00,4.807378511
02/04/14 20:00,4.76795659
02/04/14 21:00,4.981038398
02/04/14 22:00,5.137826175
02/04/14 23:00,4.715861945
02/05/14 00:00,5.024130797
02/05/14 01:00,5.167630176
02/05/14 02:00,4.604670572
02/05/14 03:00,4.77309472
02/05/14 04:00,4.964060115
02/05/14 05:00,5.146748929
02/05/14 06:00,5.155163688
02/05/14 07:00,4.967197642
02/05/14 08:00,5.142991581
02/05/14 09:00,4.771665506
02/05/14 10:00,5.166031222
02/05/14 11:00,5.024713039
02/05/14 12:00,4.709435463
02/05/14 13:00,4.942112636
02/05/14 14:00,4.823705301
02/05/14 15:00,5.155661163
02/05/14 16:00,4.973221798
02/05/14 17:00,4.932412266
02/05/14 18:00,5.113752823
02/05/14 19:00,5.1520751
02/05/14 20:00,4.758605413
02/05/14 21:00,4.729520101
02/05/14 22:00,5.205971841
02/05/14 23:00,5.003560371
02/06/14 00:00,4.698188843
02/06/14 01:00,4.880267806
02/06/14 02:00,4.84567748
02/06/14 03:00,4.955570583
02/06/14 04:00,4.777140116
02/06/14 05:00,4.939782314
02/06/14 06:00,5.061591916
02/06/14 07:00,4.822228799
02/06/14 08:00,4.908900208
02/06/14 09:00,4.798411197
02/06/14 10:00,5.080984931
02/06/14 11:00,5.020193104
02/06/14 12:00,5.381741695
02/06/14 13:00,4.901563472
02/06/14 14:00,4.9753166
02/06/14 15:00,5.201135234
02/06/14 16:00,4.944389324
02/06/14 17:00,5.257888202
02/06/14 18:00,4.886766414
02/06/14 19:00,5.166749801
02/06/14 20:00,4.868875937
02/06/14 21:00,4.708319649
02/06/14 22:00,4.918906293
02/06/14 23:00,5.078540735
02/07/14 00:00,5.089037208
02/07/14 01:00,4.842413692
02/07/14 02:00,4.741146545
02/07/14 03:00,5.139790945
02/07/14 04:00,4.67452692
02/07/14 05:00,5.018847551
02/07/14 06:00,5.209027137
02/07/14 07:00,5.10304532
02/07/14 08:00,5.090499878
02/07/14 09:00,5.352233796
02/07/14 10:00,5.031202316
02/07/14 11:00,4.914293995
02/07/14 12:00,5.200713262
02/07/14 13:00,5.271634845
02/07/14 14:00,5.259403457
02/07/14 15:00,5.215021267
02/07/14 16:00,4.87715734
02/07/14 17:00,5.09720231
02/07/14 18:00,5.125093751
02/07/14 19:00,4.730017609
02/07/14 20:00,4.919965343
02/07/14 21:00,5.056586313
02/07/14 22:00,5.19506977
02/07/14 23:00,5.131212806
02/08/14 00:00,5.161747889
02/08/14 01:00,4.982445812
02/08/14 02:00,4.917917137
02/08/14 03:00,4.938759317
02/08/14 04:00,5.007220525
02/08/14 05:00,4.931808962
02/08/14 06:00,5.040906124
02/08/14 07:00,5.369817023
02/08/14 08:00,4.955911598
02/08/14 09:00,5.321594982
02/08/14 10:00,5.441737942
02/08/14 11:00,5.726033215
02/08/14 12:00,6.035552063
02/08/14 13:00,9.767825298
02/08/14 14:00,10.06013033
02/08/14 15:00,9.493420562
02/08/14 16:00,10.4065264
02/08/14 17:00,10.02549341
02/08/14 18:00,10.31719087
02/08/14 19:00,10.2649104
02/08/14 20:00,9.720509452
02/08/14 21:00,9.466990013
02/08/14 22:00,10.08596022
02/08/14 23:00,9.698712806
02/09/14 00:00,9.879105358
02/09/14 01:00,10.11416038
02/09/14 02:00,9.865185527
02/09/14 03:00,9.699281625
02/09/14 04:00,10.01919158
02/09/14 05:00,10.16545965
02/09/14 06:00,9.383460064
02/09/14 07:00,10.2443594
02/09/14 08:00,9.609461422
02/09/14 09:00,10.24593426
02/09/14 10:00,9.374174385
02/09/14 11:00,10.45649946
02/09/14 12:00,9.68036479
02/09/14 13:00,10.68920205
02/09/14 14:00,9.917649822
02/09/14 15:00,9.575983562
02/09/14 16:00,9.93604124
02/09/14 17:00,9.608712349
02/09/14 18:00,10.09648142
02/09/14 19:00,10.07311096
02/09/14 20:00,10.01888336
02/09/14 21:00,10.36347635
02/09/14 22:00,9.434926996
02/09/14 23:00,9.917091083
02/10/14 00:00,10.11928492
02/10/14 01:00,10.13332361
02/10/14 02:00,9.48985115
02/10/14 03:00,9.966582088
02/10/14 04:00,10.19523187
02/10/14 05:00,10.62279175
02/10/14 06:00,10.54867971
02/10/14 07:00,10.64369286
02/10/14 08:00,10.16500728
02/10/14 09:00,9.908702716
02/10/14 10:00,10.09121591
02/10/14 11:00,9.701209583
02/10/14 12:00,10.46406034
02/10/14 13:00,10.3564175
02/10/14 14:00,10.22788408
02/10/14 15:00,10.67195058
02/10/14 16:00,10.14202185
02/10/14 17:00,10.85582915
02/10/14 18:00,9.878339214
02/10/14 19:00,10.00380323
02/10/14 20:00,10.82591608
02/10/14 21:00,10.49205719
02/10/14 22:00,10.64915178
02/10/14 23:00,9.596757736
02/11/14 00:00,10.1486336
02/11/14 01:00,10.30369719
02/11/14 02:00,10.81147352
02/11/14 03:00,9.96944581
02/11/14 04:00,10.93062712
02/11/14 05:00,10.68074482
02/11/14 06:00,10.39686332
02/11/14 07:00,9.780321483
02/11/14 08:00,10.21632154
02/11/14 09:00,10.35443389
02/11/14 10:00,10.78894923
02/11/14 11:00,10.13996721
02/11/14 12:00,10.73176878
02/11/14 13:00,5.176633816
02/11/14 14:00,5.685800933
02/11/14 15:00,5.347743816
02/11/14 16:00,5.611720352
02/11/14 17:00,4.938535552
02/11/14 18:00,5.057666578
02/11/14 19:00,4.946335201
02/11/14 20:00,5.28290606
02/11/14 21:00,5.252785282
02/11/14 22:00,5.092585115
02/11/14 23:00,5.012012748
02/12/14 00:00,5.09304924
02/12/14 01:00,4.818731336
02/12/14 02:00,4.871512093
02/12/14 03:00,4.899596004
02/12/14 04:00,4.817615223
02/12/14 05:00,5.089336681
02/12/14 06:00,4.860963039
02/12/14 07:00,4.711084704
02/12/14 08:00,4.729225268
02/12/14 09:00,5.197330875
02/12/14 10:00,5.066447115
02/12/14 11:00,4.875706286
02/12/14 12:00,5.201297454
02/12/14 13:00,5.222898059
02/12/14 14:00,5.241160993
02/12/14 15:00,4.852461176
02/12/14 16:00,4.934042964
02/12/14 17:00,4.672231083
02/12/14 18:00,4.751192083
02/12/14 19:00,5.094856701
02/12/14 20:00,4.929247265
02/12/14 21:00,5.21288517
02/12/14 22:00,5.113509998
02/12/14 23:00,4.890110378
02/13/14 00:00,4.960296287
02/13/14 01:00,4.808880963
02/13/14 02:00,5.218699841
02/13/14 03:00,4.628542308
02/13/14 04:00,4.975976429
02/13/14 05:00,4.937334485
02/13/14 06:00,4.742584924
02/13/14 07:00,4.58742712
02/13/14 08:00,5.197745347
02/13/14 09:00,5.069480443
02/13/14 10:00,5.281330208
02/13/14 11:00,5.057039108
02/13/14 12:00,4.831768469
02/13/14 13:00,4.867580971
02/13/14 14:00,5.096175675
02/13/14 15:00,5.189567546
02/13/14 16:00,5.15954041
02/13/14 17:00,4.85073102
02/13/14 18:00,4.91666109
02/13/14 19:00,5.038606262
02/13/14 20:00,4.579099807
02/13/14 21:00,4.834139995
02/13/14 22:00,4.757778573
02/13/14 23:00,4.679623437
02/14/14 00:00,4.534419469
02/14/14 01:00,4.616856441
02/14/14 02:00,4.227828211
02/14/14 03:00,4.631899242
02/14/14 04:00,4.334071474
02/14/14 05:00,4.260148244
02/14/14 06:00,4.572328281
02/14/14 07:00,4.706495762
02/14/14 08:00,4.599301128
02/14/14 09:00,0.977118359
02/14/14 10:00,2.979575117
02/14/14 11:00,4.69637865
02/14/14 12:00,4.610585551
02/14/14 13:00,4.701426544
02/14/14 14:00,4.625912637
02/14/14 15:00,4.308457927
02/14/14 16:00,4.766781883
02/14/14 17:00,4.345679502
02/14/14 18:00,4.28870594
02/14/14 19:00,4.490304546
02/14/14 20:00,4.39243658
02/14/14 21:00,4.70132019
02/14/14 22:00,4.446906261
02/14/14 23:00,4.579616298
02/15/14 00:00,4.60529376
02/15/14 01:00,4.421643047
02/15/14 02:00,4.624246864
02/15/14 03:00,4.589632554
02/15/14 04:00,4.261740093
02/15/14 05:00,4.634266581
02/15/14 06:00,4.590447216
02/15/14 07:00,4.678836913
02/15/14 08:00,4.643326139
02/15/14 09:00,4.560198183
02/15/14 10:00,4.72044549
02/15/14 11:00,4.424758787
02/15/14 12:00,4.854911689
02/15/14 13:00,4.495522003
02/15/14 14:00,4.389411668
02/15/14 15:00,3.542542295
02/15/14 16:00,4.247851829
02/15/14 17:00,5.333741893
02/15/14 18:00,4.812598304
02/15/14 19:00,4.45275362
02/15/14 20:00,4.52934721
02/15/14 21:00,4.683892769
02/15/14 22:00,4.678122811
02/15/14 23:00,4.524787025
02/16/14 00:00,4.604224758
02/16/14 01:00,4.636160135
02/16/14 02:00,4.458778529
02/16/14 03:00,4.576971922
02/16/14 04:00,4.627681522
02/16/14 05:00,4.465418734
02/16/14 06:00,4.167561984
02/16/14 07:00,4.429461317
02/16/14 08:00,4.229146847
02/16/14 09:00,2.474607198
02/16/14 10:00,2.579437543
02/16/14 11:00,4.577025542
02/16/14 12:00,4.657007417
02/16/14 13:00,4.618320942
02/16/14 14:00,4.90974205
02/16/14 15:00,4.482917804
02/16/14 16:00,4.381178417
02/16/14 17:00,4.387621555
02/16/14 18:00,4.638380661
02/16/14 19:00,4.475322494
02/16/14 20:00,4.858438072
02/16/14 21:00,4.55343338
02/16/14 22:00,4.549118976
02/16/14 23:00,4.151395468
02/17/14 00:00,4.336939721
02/17/14 01:00,4.622068624
02/17/14 02:00,4.132352929
02/17/14 03:00,4.216826987
02/17/14 04:00,4.802962021
02/17/14 05:00,4.51542346
02/17/14 06:00,4.605681591
02/17/14 07:00,4.527213268
02/17/14 08:00,4.632882175
02/17/14 09:00,5.003678803
02/17/14 10:00,4.664109654
02/17/14 11:00,4.551844005
02/17/14 12:00,4.86490673
02/17/14 13:00,4.771157817
02/17/14 14:00,5.313575186
02/17/14 15:00,8.282748918
02/17/14 16:00,8.806572189
02/17/14 17:00,9.020341797
02/17/14 18:00,9.27135971
02/17/14 19:00,8.969612503
02/17/14 20:00,8.675852604
02/17/14 21:00,8.865257368
02/17/14 22:00,8.411805181
02/17/14 23:00,8.95034214
02/18/14 00:00,9.15421236
02/18/14 01:00,9.032750129
02/18/14 02:00,8.483008823
02/18/14 03:00,8.609658641
02/18/14 04:00,8.717401867
02/18/14 05:00,8.886776218
02/18/14 06:00,8.688497142
02/18/14 07:00,8.917944126
02/18/14 08:00,8.640539865
02/18/14 09:00,9.291334276
02/18/14 10:00,9.090610036
02/18/14 11:00,9.612239504
02/18/14 12:00,10.36254389
02/18/14 13:00,9.698294668
02/18/14 14:00,10.17001626
02/18/14 15:00,9.266612863
02/18/14 16:00,10.29143785
02/18/14 17:00,10.27146276
02/18/14 18:00,10.09714535
02/18/14 19:00,10.01124512
02/18/14 20:00,9.821329479
02/18/14 21:00,10.19255089
02/18/14 22:00,9.945813293
02/18/14 23:00,10.09623873
02/19/14 00:00,10.31706621
02/19/14 01:00,9.480564823
02/19/14 02:00,9.425379247
02/19/14 03:00,10.30812161
02/19/14 04:00,9.813641338
02/19/14 05:00,9.62932743
02/19/14 06:00,10.15487708
02/19/14 07:00,9.399601955
02/19/14 08:00,9.672563705
02/19/14 09:00,9.648110466
02/19/14 10:00,10.45052216
02/19/14 11:00,10.18852507
02/19/14 12:00,9.45401515
02/19/14 13:00,9.192700424
02/19/14 14:00,9.811000194
02/19/14 15:00,10.03654818
02/19/14 16:00,10.31777998
02/19/14 17:00,9.604749775
02/19/14 18:00,9.763625316
02/19/14 19:00,10.44492887
02/19/14 20:00,10.4851682
02/19/14 21:00,10.32378653
02/19/14 22:00,9.452660312
02/19/14 23:00,9.986346626
02/20/14 00:00,9.794785289
02/20/14 01:00,10.29015291
02/20/14 02:00,9.935310115
02/20/14 03:00,10.07064036
02/20/14 04:00,9.828457622
02/20/14 05:00,9.47048542
02/20/14 06:00,10.27760923
02/20/14 07:00,9.404968204
02/20/14 08:00,9.989331569
02/20/14 09:00,9.369813842
02/20/14 10:00,9.45773921
02/20/14 11:00,9.621513881
02/20/14 12:00,5.339101314
02/20/14 13:00,5.208627572
02/20/14 14:00,4.72302207
02/20/14 15:00,4.773302526
02/20/14 16:00,4.770178308
02/20/14 17:00,4.847918605
02/20/14 18:00,4.476359272
02/20/14 19:00,4.45646904
02/20/14 20:00,4.543965368
02/20/14 21:00,4.844053726
02/20/14 22:00,4.444905643
02/20/14 23:00,4.738724498
02/21/14 00:00,5.247775678
02/21/14 01:00,5.053757391
02/21/14 02:00,4.845416107
02/21/14 03:00,5.02778913
02/21/14 04:00,4.895922737
02/21/14 05:00,5.056072573
02/21/14 06:00,5.052064585
02/21/14 07:00,4.915422067
02/21/14 08:00,5.15141634
02/21/14 09:00,4.9064715
02/21/14 10:00,4.619831514
02/21/14 11:00,4.836241545
02/21/14 12:00,4.878892049
02/21/14 13:00,5.254966716
02/21/14 14:00,5.082721858
02/21/14 15:00,5.012636022
02/21/14 16:00,4.625644245
02/21/14 17:00,5.119211654
02/21/14 18:00,4.674544544
02/21/14 19:00,4.752393856
02/21/14 20:00,4.82802618
02/21/14 21:00,5.1039995
02/21/14 22:00,5.160777168
02/21/14 23:00,4.688248376
02/22/14 00:00,4.510182933
02/22/14 01:00,4.29184997
02/22/14 02:00,4.438419675
02/22/14 03:00,4.367664461
02/22/14 04:00,4.762518386
02/22/14 05:00,4.493726968
02/22/14 06:00,4.791906643
02/22/14 07:00,4.557154436
02/22/14 08:00,4.84869133
02/22/14 09:00,4.806363463
02/22/14 10:00,4.637757225
02/22/14 11:00,4.955435161
02/22/14 12:00,4.746273961
02/22/14 13:00,5.114714317
02/22/14 14:00,4.765006046
02/22/14 15:00,5.411865668
02/22/14 16:00,5.337244157
02/22/14 17:00,4.776687245
02/22/14 18:00,4.781403985
02/22/14 19:00,4.929463195
02/22/14 20:00,4.912056069
02/22/14 21:00,4.710289054
02/22/14 22:00,4.872090726
02/22/14 23:00,4.667660885
02/23/14 00:00,4.480043864
02/23/14 01:00,4.880748205
02/23/14 02:00,4.695056209
02/23/14 03:00,4.681394195
02/23/14 04:00,4.663672619
02/23/14 05:00,4.878858475
02/23/14 06:00,4.789239864
02/23/14 07:00,4.963812337
02/23/14 08:00,4.833526907
02/23/14 09:00,4.736139278
02/23/14 10:00,4.995175914
02/23/14 11:00,4.910376796
02/23/14 12:00,4.997432141
02/23/14 13:00,4.874522762
02/23/14 14:00,4.653318004
02/23/14 15:00,4.936827116
02/23/14 16:00,4.478918137
02/23/14 17:00,4.61059781
02/23/14 18:00,4.604479398
02/23/14 19:00,4.546060795
02/23/14 20:00,4.724178176
02/23/14 21:00,4.897314911
02/23/14 22:00,4.71733777
02/23/14 23:00,4.714169836
02/24/14 00:00,4.631469621
02/24/14 01:00,4.363423571
02/24/14 02:00,4.709221463
02/24/14 03:00,4.571178064
02/24/14 04:00,4.664326286
02/24/14 05:00,4.921461753
02/24/14 06:00,4.797109198
02/24/14 07:00,4.660730171
02/24/14 08:00,4.583552708
02/24/14 09:00,4.734940147
02/24/14 10:00,4.886585889
02/24/14 11:00,5.127892618
02/24/14 12:00,4.811058406
02/24/14 13:00,5.074855976
02/24/14 14:00,4.677243061
02/24/14 15:00,4.999709992
02/24/14 16:00,4.818909521
02/24/14 17:00,4.928692951
02/24/14 18:00,4.920679683
02/24/14 19:00,4.545308475
02/24/14 20:00,4.807191839
02/24/14 21:00,4.989982514
02/24/14 22:00,5.01992896
02/24/14 23:00,4.769194998
02/25/14 00:00,5.386184721
02/25/14 01:00,5.301214742
02/25/14 02:00,4.932230215
02/25/14 03:00,4.898066282
02/25/14 04:00,5.148082213
02/25/14 05:00,5.038801775
02/25/14 06:00,5.251225166
02/25/14 07:00,5.606316738
02/25/14 08:00,5.77954607
02/25/14 09:00,5.413964386
02/25/14 10:00,5.43652647
02/25/14 11:00,5.538561978
02/25/14 12:00,5.226047821
02/25/14 13:00,4.40986728
02/25/14 14:00,4.951511052
02/25/14 15:00,5.74341793
02/25/14 16:00,5.051513834
02/25/14 17:00,5.225545692
02/25/14 18:00,5.397034912
02/25/14 19:00,4.968920536
02/25/14 20:00,5.002558961
02/25/14 21:00,5.090758495
02/25/14 22:00,5.220716762
02/25/14 23:00,5.066439037
02/26/14 00:00,4.883714184
02/26/14 01:00,4.909858141
02/26/14 02:00,5.349633827
02/26/14 03:00,5.165972728
02/26/14 04:00,5.359239607
02/26/14 05:00,5.278176918
02/26/14 06:00,4.897429809
02/26/14 07:00,4.827472934
02/26/14 08:00,4.904430456
02/26/14 09:00,5.303183798
02/26/14 10:00,4.533640704
02/26/14 11:00,2.927684736
02/26/14 12:00,2.777312498
02/26/14 13:00,2.715743003
02/26/14 14:00,2.909937877
02/26/14 15:00,3.024646701
02/26/14 16:00,2.912793915
02/26/14 17:00,2.8038995
02/26/14 18:00,2.81305995
02/26/14 19:00,2.380111982
02/26/14 20:00,2.751286173
02/26/14 21:00,2.487275016
02/26/14 22:00,2.6072033
02/26/14 23:00,2.559330349
02/27/14 00:00,2.897183101
02/27/14 01:00,2.664321742
02/27/14 02:00,2.609904067
02/27/14 03:00,2.712970168
02/27/14 04:00,2.803058402
02/27/14 05:00,2.327116756
02/27/14 06:00,2.756824293
02/27/14 07:00,2.766208861
02/27/14 08:00,2.670345502
02/27/14 09:00,2.870022802
02/27/14 10:00,2.719603901
02/27/14 11:00,2.686533527
02/27/14 12:00,2.571107103
02/27/14 13:00,2.470096843
02/27/14 14:00,2.924426524
02/27/14 15:00,2.989049403
02/27/14 16:00,2.77646532
02/27/14 17:00,2.654490702
02/27/14 18:00,2.780400958
02/27/14 19:00,2.840937986
02/27/14 20:00,2.752729706
02/27/14 21:00,2.904909291
02/27/14 22:00,2.882710781
02/27/14 23:00,2.937370743
02/28/14 00:00,2.929196653
02/28/14 01:00,3.054916792
02/28/14 02:00,2.680306239
02/28/14 03:00,2.795439524
02/28/14 04:00,2.908809805
02/28/14 05:00,2.674871339
02/28/14 06:00,2.581539514
02/28/14 07:00,2.383159973
02/28/14 08:00,2.343534846
02/28/14 09:00,2.522604637
02/28/14 10:00,2.724441683
02/28/14 11:00,3.220996649
02/28/14 12:00,3.75563941
02/28/14 13:00,5.324706654
02/28/14 14:00,4.715751333
02/28/14 15:00,5.090346183
02/28/14 16:00,4.618298196
02/28/14 17:00,4.97011683
02/28/14 18:00,4.834132023
02/28/14 19:00,4.708227491
02/28/14 20:00,5.140887937
02/28/14 21:00,4.943368892
02/28/14 22:00,4.930510311
02/28/14 23:00,4.8542878
03/01/14 00:00,2.856920718
03/01/14 01:00,2.847151162
03/01/14 02:00,2.876341074
03/01/14 03:00,3.029398723
03/01/14 04:00,2.99738943
03/01/14 05:00,2.94227705
03/01/14 06:00,2.931390823
03/01/14 07:00,3.025626482
03/01/14 08:00,2.828636219
03/01/14 09:00,3.063706309
03/01/14 10:00,5.691850222
03/01/14 11:00,5.968010726
03/01/14 12:00,5.892469229
03/01/14 13:00,5.424142221
03/01/14 14:00,5.465710949
03/01/14 15:00,5.77492401
03/01/14 16:00,5.79345479
03/01/14 17:00,5.748276274
03/01/14 18:00,5.452845345
03/01/14 19:00,5.365208983
03/01/14 20:00,5.954199261
03/01/14 21:00,5.534588733
03/01/14 22:00,5.711705029
03/01/14 23:00,5.555875937
03/02/14 00:00,5.511269134
03/02/14 01:00,5.855713652
03/02/14 02:00,5.45076591
03/02/14 03:00,5.774505876
03/02/14 04:00,5.790317617
03/02/14 05:00,5.918097701
03/02/14 06:00,5.957665633
03/02/14 07:00,5.519067091
03/02/14 08:00,5.879136811
03/02/14 09:00,5.249953985
03/02/14 10:00,5.476185614
03/02/14 11:00,5.768701962
03/02/14 12:00,5.728056898
03/02/14 13:00,5.435680163
03/02/14 14:00,5.504156415
03/02/14 15:00,5.789343079
03/02/14 16:00,5.50365989
03/02/14 17:00,5.73634891
03/02/14 18:00,5.72147208
03/02/14 19:00,5.361721198
03/02/14 20:00,5.611451007
03/02/14 21:00,5.670125531
03/02/14 22:00,5.915326318
03/02/14 23:00,5.739768583
03/03/14 00:00,5.438044235
03/03/14 01:00,5.552858252
03/03/14 02:00,4.951973527
03/03/14 03:00,5.179896323
03/03/14 04:00,5.293926244
03/03/14 05:00,5.203798478
03/03/14 06:00,5.615672523
03/03/14 07:00,5.553259628
03/03/14 08:00,5.342509427
03/03/14 09:00,5.546276603
03/03/14 10:00,5.605459921
03/03/14 11:00,5.146339294
03/03/14 12:00,5.551438971
03/03/14 13:00,5.432875775
03/03/14 14:00,5.443192086
03/03/14 15:00,5.109349532
03/03/14 16:00,4.966500182
03/03/14 17:00,5.157692409
03/03/14 18:00,5.392153482
03/03/14 19:00,5.223996196
03/03/14 20:00,5.494260791
03/03/14 21:00,5.23084877
03/03/14 22:00,5.158926289
03/03/14 23:00,5.150410272
03/04/14 00:00,5.240994314
03/04/14 01:00,4.906315467
03/04/14 02:00,4.852592711
03/04/14 03:00,5.063348211
03/04/14 04:00,4.761060895
03/04/14 05:00,4.61803326
03/04/14 06:00,5.117438204
03/04/14 07:00,4.80371297
03/04/14 08:00,5.027121819
03/04/14 09:00,5.072777213
03/04/14 10:00,4.996384004
03/04/14 11:00,4.708020846
03/04/14 12:00,5.075705423
03/04/14 13:00,5.09786091
03/04/14 14:00,5.104789592
03/04/14 15:00,4.666733064
03/04/14 16:00,4.969292866
03/04/14 17:00,4.992898973
03/04/14 18:00,5.212537562
03/04/14 19:00,4.938966146
03/04/14 20:00,5.014026255
03/04/14 21:00,4.822947525
03/04/14 22:00,4.744512082
03/04/14 23:00,4.708310681
03/05/14 00:00,5.024865802
03/05/14 01:00,5.147513374
03/05/14 02:00,4.864632083
03/05/14 03:00,4.912701233
03/05/14 04:00,4.767993246
03/05/14 05:00,4.656242723
03/05/14 06:00,4.66889598
03/05/14 07:00,4.863203556
03/05/14 08:00,5.179710374
03/05/14 09:00,4.655914448
03/05/14 10:00,4.99112534
03/05/14 11:00,5.021746393
03/05/14 12:00,4.913107731
03/05/14 13:00,4.850215639
03/05/14 14:00,4.743500644
03/05/14 15:00,5.188537382
03/05/14 16:00,4.77136547
03/05/14 17:00,5.098236976
03/05/14 18:00,4.68484001
03/05/14 19:00,4.912408458
03/05/14 20:00,5.222643866
03/05/14 21:00,5.086286448
03/05/14 22:00,5.015275408
03/05/14 23:00,5.053167577
03/06/14 00:00,4.846673336
03/06/14 01:00,4.682553736
03/06/14 02:00,4.92162514
03/06/14 03:00,4.96392255
03/06/14 04:00,5.12074558
03/06/14 05:00,5.218695307
03/06/14 06:00,5.271660757
03/06/14 07:00,5.122247308
03/06/14 08:00,5.139137685
03/06/14 09:00,4.890526133
03/06/14 10:00,5.129602813
03/06/14 11:00,5.133423822
03/06/14 12:00,5.001630423
03/06/14 13:00,5.130174629
03/06/14 14:00,4.723292485
03/06/14 15:00,4.953472906
03/06/14 16:00,4.958478008
03/06/14 17:00,5.015387807
03/06/14 18:00,4.802617864
03/06/14 19:00,4.887170935
03/06/14 20:00,4.787232248
03/06/14 21:00,4.757995271
03/06/14 22:00,5.039159854
03/06/14 23:00,4.793160316
03/07/14 00:00,4.719695601
03/07/14 01:00,4.754789741
03/07/14 02:00,5.094970394
03/07/14 03:00,4.609035993
03/07/14 04:00,5.140967808
03/07/14 05:00,4.801141466
03/07/14 06:00,5.027671971
03/07/14 07:00,4.87722221
03/07/14 08:00,4.812698062
03/07/14 09:00,5.309964613
03/07/14 10:00,5.191436799
03/07/14 11:00,5.312680558
03/07/14 12:00,5.228633602
03/07/14 13:00,4.707481012
03/07/14 14:00,5.069239469
03/07/14 15:00,5.296622053
03/07/14 16:00,5.21539471
03/07/14 17:00,4.619419273
03/07/14 18:00,5.106376415
03/07/14 19:00,4.816471599
03/07/14 20:00,5.037807578
03/07/14 21:00,4.775033503
03/07/14 22:00,5.169215454
03/07/14 23:00,5.013452658
03/08/14 00:00,4.826559624
03/08/14 01:00,4.833276881
03/08/14 02:00,4.986052411
03/08/14 03:00,5.104025429
03/08/14 04:00,4.903795428
03/08/14 05:00,4.998441718
03/08/14 06:00,5.202345983
03/08/14 07:00,5.163711503
03/08/14 08:00,5.247613972
03/08/14 09:00,5.119363381
03/08/14 10:00,5.062224066
03/08/14 11:00,5.009044569
03/08/14 12:00,5.721596028
03/08/14 13:00,9.213999678
03/08/14 14:00,9.881082457
03/08/14 15:00,9.703945526
03/08/14 16:00,8.801566154
03/08/14 17:00,9.329513866
03/08/14 18:00,9.264011639
03/08/14 19:00,9.735769077
03/08/14 20:00,9.251252206
03/08/14 21:00,9.796503258
03/08/14 22:00,9.695812823
03/08/14 23:00,8.940891884
03/09/14 00:00,9.624561599
03/09/14 01:00,9.077392167
03/09/14 02:00,9.508261361
03/09/14 03:00,9.013818716
03/09/14 04:00,9.199186586
03/09/14 05:00,9.443948636
03/09/14 06:00,8.951278193
03/09/14 07:00,9.619972114
03/09/14 08:00,9.499838322
03/09/14 09:00,9.726377391
03/09/14 10:00,8.874510357
03/09/14 11:00,10.01840731
03/09/14 12:00,9.896920523
03/09/14 13:00,9.792712673
03/09/14 14:00,9.647374904
03/09/14 15:00,9.690964886
03/09/14 16:00,9.343715042
03/09/14 17:00,9.393202553
03/09/14 18:00,8.955452945
03/09/14 19:00,9.684225189
03/09/14 20:00,8.790745246
03/09/14 21:00,9.194281706
03/09/14 22:00,9.106136966
03/09/14 23:00,9.023404546
03/10/14 00:00,9.201390951
03/10/14 01:00,9.423404896
03/10/14 02:00,9.190162751
03/10/14 03:00,8.853805361
03/10/14 04:00,9.156623679
03/10/14 05:00,9.831829755
03/10/14 06:00,8.722482311
03/10/14 07:00,9.75107042
03/10/14 08:00,9.453594706
03/10/14 09:00,9.540408064
03/10/14 10:00,9.379356766
03/10/14 11:00,9.576687579
03/10/14 12:00,9.494450105
03/10/14 13:00,9.933252099
03/10/14 14:00,9.373798356
03/10/14 15:00,10.32690324
03/10/14 16:00,9.649802879
03/10/14 17:00,10.27215022
03/10/14 18:00,9.86382833
03/10/14 19:00,10.06688908
03/10/14 20:00,9.044213402
03/10/14 21:00,9.270020878
03/10/14 22:00,9.626422849
03/10/14 23:00,9.812886088
03/11/14 00:00,9.54107339
03/11/14 01:00,9.239648921
03/11/14 02:00,9.43451732
03/11/14 03:00,9.273416697
03/11/14 04:00,9.646394196
03/11/14 05:00,9.89224676
03/11/14 06:00,9.325848221
03/11/14 07:00,9.744599428
03/11/14 08:00,9.166384508
03/11/14 09:00,9.284940154
03/11/14 10:00,9.015379414
03/11/14 11:00,9.76190836
03/11/14 12:00,9.930172728
03/11/14 13:00,7.457357841
03/11/14 14:00,5.720604164
03/11/14 15:00,5.533618608
03/11/14 16:00,5.142191455
03/11/14 17:00,4.744617876
03/11/14 18:00,4.792866833
03/11/14 19:00,5.064684693
03/11/14 20:00,5.036396861
03/11/14 21:00,4.692794053
03/11/14 22:00,5.132399524
03/11/14 23:00,4.6955293
03/12/14 00:00,4.922879665
03/12/14 01:00,4.942956685
03/12/14 02:00,4.842530892
03/12/14 03:00,5.178671327
03/12/14 04:00,4.845059107
03/12/14 05:00,5.132574359
03/12/14 06:00,5.196646937
03/12/14 07:00,4.801588382
03/12/14 08:00,5.194103351
03/12/14 09:00,5.060422388
03/12/14 10:00,5.219115728
03/12/14 11:00,5.216490232
03/12/14 12:00,4.801904197
03/12/14 13:00,5.193691373
03/12/14 14:00,5.103697632
03/12/14 15:00,5.032322841
03/12/14 16:00,4.686117329
03/12/14 17:00,4.520480045
03/12/14 18:00,4.839524035
03/12/14 19:00,5.026458802
03/12/14 20:00,5.151542588
03/12/14 21:00,5.018539668
03/12/14 22:00,4.992747545
03/12/14 23:00,4.741922348
03/13/14 00:00,4.713415268
03/13/14 01:00,4.73801123
03/13/14 02:00,4.66567308
03/13/14 03:00,4.530788518
03/13/14 04:00,4.981892143
03/13/14 05:00,5.054571578
03/13/14 06:00,4.621590829
03/13/14 07:00,4.441395569
03/13/14 08:00,4.795143069
03/13/14 09:00,5.119346741
03/13/14 10:00,5.245084127
03/13/14 11:00,4.892315003
03/13/14 12:00,4.851955011
03/13/14 13:00,5.105988041
03/13/14 14:00,5.24758522
03/13/14 15:00,4.850501951
03/13/14 16:00,4.721414994
03/13/14 17:00,4.813915901
03/13/14 18:00,4.824685419
03/13/14 19:00,4.930771926
03/13/14 20:00,4.939576371
03/13/14 21:00,4.858271879
03/13/14 22:00,4.782144992
03/13/14 23:00,4.98048164
03/14/14 00:00,4.734062211
03/14/14 01:00,4.473211608
03/14/14 02:00,4.562077837
03/14/14 03:00,4.537113179
03/14/14 04:00,4.467324046
03/14/14 05:00,4.785456063
03/14/14 06:00,4.725254917
03/14/14 07:00,4.839247334
03/14/14 08:00,4.747783228
03/14/14 09:00,2.986727881
03/14/14 10:00,3.011702135
03/14/14 11:00,4.783212275
03/14/14 12:00,4.422231291
03/14/14 13:00,4.640359063
03/14/14 14:00,4.578283655
03/14/14 15:00,4.642675055
03/14/14 16:00,4.458288238
03/14/14 17:00,4.765165354
03/14/14 18:00,4.57568485
03/14/14 19:00,4.746233729
03/14/14 20:00,4.612489689
03/14/14 21:00,4.540153074
03/14/14 22:00,4.521614309
03/14/14 23:00,4.350257787
03/15/14 00:00,4.561661164
03/15/14 01:00,4.311415537
03/15/14 02:00,4.529507715
03/15/14 03:00,4.444230922
03/15/14 04:00,4.494163777
03/15/14 05:00,4.928174933
03/15/14 06:00,4.501878933
03/15/14 07:00,4.558526074
03/15/14 08:00,4.594378206
03/15/14 09:00,4.511379072
03/15/14 10:00,4.903663547
03/15/14 11:00,4.594923796
03/15/14 12:00,4.431911453
03/15/14 13:00,4.372202996
03/15/14 14:00,4.41878696
03/15/14 15:00,3.761036452
03/15/14 16:00,4.534163041
03/15/14 17:00,5.18701679
03/15/14 18:00,4.637425072
03/15/14 19:00,4.823753623
03/15/14 20:00,4.685469956
03/15/14 21:00,4.923058299
03/15/14 22:00,4.478437815
03/15/14 23:00,4.348950441
03/16/14 00:00,4.513589952
03/16/14 01:00,4.480804099
03/16/14 02:00,4.287573977
03/16/14 03:00,4.442980728
03/16/14 04:00,4.620572705
03/16/14 05:00,4.377963566
03/16/14 06:00,4.455257344
03/16/14 07:00,4.230072629
03/16/14 08:00,4.371771257
03/16/14 09:00,2.675613971
03/16/14 10:00,2.685568752
03/16/14 11:00,4.490470581
03/16/14 12:00,4.549023227
03/16/14 13:00,4.521479447
03/16/14 14:00,4.872643358
03/16/14 15:00,4.456388347
03/16/14 16:00,4.363639796
03/16/14 17:00,4.373353345
03/16/14 18:00,4.586177929
03/16/14 19:00,4.358736907
03/16/14 20:00,4.579291066
03/16/14 21:00,4.416813469
03/16/14 22:00,4.372518209
03/16/14 23:00,4.350968514
03/17/14 00:00,4.426387354
03/17/14 01:00,4.523863232
03/17/14 02:00,4.516610614
03/17/14 03:00,4.315076867
03/17/14 04:00,4.438978332
03/17/14 05:00,4.623869763
03/17/14 06:00,4.461862806
03/17/14 07:00,4.533284827
03/17/14 08:00,4.536845666
03/17/14 09:00,4.801911636
03/17/14 10:00,4.956046887
03/17/14 11:00,5.021789918
03/17/14 12:00,4.822858146
03/17/14 13:00,4.697689495
03/17/14 14:00,5.215127075
03/17/14 15:00,8.158269244
03/17/14 16:00,8.16076322
03/17/14 17:00,8.537899531
03/17/14 18:00,7.831659568
03/17/14 19:00,8.777660146
03/17/14 20:00,8.147990688
03/17/14 21:00,8.027114441
03/17/14 22:00,8.393481744
03/17/14 23:00,8.297293176
03/18/14 00:00,8.279729174
03/18/14 01:00,7.806609912
03/18/14 02:00,8.730636439
03/18/14 03:00,8.656023593
03/18/14 04:00,7.73192337
03/18/14 05:00,8.324991647
03/18/14 06:00,8.253478761
03/18/14 07:00,8.180251451
03/18/14 08:00,7.926957832
03/18/14 09:00,8.683459732
03/18/14 10:00,8.222968201
03/18/14 11:00,8.873825342
03/18/14 12:00,9.719037422
03/18/14 13:00,8.9307112
03/18/14 14:00,9.65131326
03/18/14 15:00,9.190269158
03/18/14 16:00,9.556000069
03/18/14 17:00,9.004256399
03/18/14 18:00,9.052048331
03/18/14 19:00,9.209669571
03/18/14 20:00,9.358169351
03/18/14 21:00,9.569443697
03/18/14 22:00,9.014648082
03/18/14 23:00,8.875308917
03/19/14 00:00,8.733286133
03/19/14 01:00,9.147282162
03/19/14 02:00,9.097529131
03/19/14 03:00,9.357051323
03/19/14 04:00,9.356220385
03/19/14 05:00,9.181070314
03/19/14 06:00,9.127648675
03/19/14 07:00,9.406702656
03/19/14 08:00,8.821677928
03/19/14 09:00,8.886241374
03/19/14 10:00,9.572694232
03/19/14 11:00,9.133809398
03/19/14 12:00,9.135623914
03/19/14 13:00,8.805379415
03/19/14 14:00,8.817598181
03/19/14 15:00,9.025920042
03/19/14 16:00,9.056893446
03/19/14 17:00,9.148226154
03/19/14 18:00,8.977189475
03/19/14 19:00,9.373739012
03/19/14 20:00,9.382869179
03/19/14 21:00,9.478455325
03/19/14 22:00,8.634760002
03/19/14 23:00,8.664582843
03/20/14 00:00,8.925566236
03/20/14 01:00,8.806396009
03/20/14 02:00,8.822073844
03/20/14 03:00,8.850644086
03/20/14 04:00,9.456667594
03/20/14 05:00,9.160333612
03/20/14 06:00,9.441219376
03/20/14 07:00,9.516632097
03/20/14 08:00,9.400356267
03/20/14 09:00,8.658038719
03/20/14 10:00,9.147879613
03/20/14 11:00,9.268864022
03/20/14 12:00,5.17946087
03/20/14 13:00,4.867308337
03/20/14 14:00,4.605002078
03/20/14 15:00,4.854059102
03/20/14 16:00,4.947757745
03/20/14 17:00,4.719575476
03/20/14 18:00,4.453685066
03/20/14 19:00,4.339433438
03/20/14 20:00,4.9023863
03/20/14 21:00,4.618853775
03/20/14 22:00,4.668797077
03/20/14 23:00,4.766650816
03/21/14 00:00,5.00813038
03/21/14 01:00,4.889529461
03/21/14 02:00,5.076181881
03/21/14 03:00,4.710371665
03/21/14 04:00,4.957370051
03/21/14 05:00,5.00377558
03/21/14 06:00,5.099379755
03/21/14 07:00,5.147394278
03/21/14 08:00,4.808454819
03/21/14 09:00,4.87366125
03/21/14 10:00,4.974218923
03/21/14 11:00,4.658768679
03/21/14 12:00,5.00829386
03/21/14 13:00,5.006752268
03/21/14 14:00,4.704446239
03/21/14 15:00,4.808779164
03/21/14 16:00,4.833056316
03/21/14 17:00,4.680914125
03/21/14 18:00,4.620107049
03/21/14 19:00,4.439254347
03/21/14 20:00,4.852886437
03/21/14 21:00,5.034402225
03/21/14 22:00,4.760799718
03/21/14 23:00,4.942037947
03/22/14 00:00,4.47875609
03/22/14 01:00,4.532336597
03/22/14 02:00,4.561990607
03/22/14 03:00,4.308034047
03/22/14 04:00,4.788180309
03/22/14 05:00,4.751292298
03/22/14 06:00,4.712481519
03/22/14 07:00,4.963906677
03/22/14 08:00,4.869183931
03/22/14 09:00,4.575039473
03/22/14 10:00,4.532699628
03/22/14 11:00,5.019008146
03/22/14 12:00,4.83860173
03/22/14 13:00,4.683346222
03/22/14 14:00,4.949594022
03/22/14 15:00,5.308322082
03/22/14 16:00,4.812026386
03/22/14 17:00,4.606519004
03/22/14 18:00,4.86489298
03/22/14 19:00,4.67971646
03/22/14 20:00,4.974687743
03/22/14 21:00,4.585136031
03/22/14 22:00,4.577503455
03/22/14 23:00,4.707540338
03/23/14 00:00,4.690802569
03/23/14 01:00,4.602212472
03/23/14 02:00,4.538049837
03/23/14 03:00,4.612127115
03/23/14 04:00,4.711026142
03/23/14 05:00,4.697064244
03/23/14 06:00,4.821713729
03/23/14 07:00,4.658363967
03/23/14 08:00,4.756831924
03/23/14 09:00,4.525074264
03/23/14 10:00,4.99753761
03/23/14 11:00,4.517651279
03/23/14 12:00,4.896614728
03/23/14 13:00,4.493744313
03/23/14 14:00,4.805655791
03/23/14 15:00,4.793978715
03/23/14 16:00,4.901505251
03/23/14 17:00,5.015083789
03/23/14 18:00,4.76469128
03/23/14 19:00,4.803629101
03/23/14 20:00,4.46216032
03/23/14 21:00,4.858934298
03/23/14 22:00,4.804182343
03/23/14 23:00,4.846775911
03/24/14 00:00,4.621470085
03/24/14 01:00,4.501579493
03/24/14 02:00,4.594326421
03/24/14 03:00,4.819026789
03/24/14 04:00,4.604493662
03/24/14 05:00,4.579434918
03/24/14 06:00,4.922135034
03/24/14 07:00,4.916552029
03/24/14 08:00,4.743054329
03/24/14 09:00,4.980118013
03/24/14 10:00,4.798843112
03/24/14 11:00,5.006366825
03/24/14 12:00,4.837939865
03/24/14 13:00,4.553610291
03/24/14 14:00,4.768073575
03/24/14 15:00,4.892690966
03/24/14 16:00,4.784222824
03/24/14 17:00,4.833980724
03/24/14 18:00,4.682991365
03/24/14 19:00,4.811197465
03/24/14 20:00,4.881917022
03/24/14 21:00,4.887861593
03/24/14 22:00,5.017536378
03/24/14 23:00,4.641449956
03/25/14 00:00,5.055324234
03/25/14 01:00,4.977014005
03/25/14 02:00,4.989683714
03/25/14 03:00,5.358120179
03/25/14 04:00,5.082008076
03/25/14 05:00,5.370914957
03/25/14 06:00,4.843118604
03/25/14 07:00,5.141115568
03/25/14 08:00,5.274550764
03/25/14 09:00,5.378863484
03/25/14 10:00,5.498988692
03/25/14 11:00,5.233245282
03/25/14 12:00,5.269506545
03/25/14 13:00,4.436583393
03/25/14 14:00,4.610722947
03/25/14 15:00,5.182277601
03/25/14 16:00,4.893785564
03/25/14 17:00,4.770876539
03/25/14 18:00,5.074458407
03/25/14 19:00,5.419214672
03/25/14 20:00,4.842042251
03/25/14 21:00,5.089411386
03/25/14 22:00,4.865069896
03/25/14 23:00,5.174993137
03/26/14 00:00,4.751155879
03/26/14 01:00,5.253523959
03/26/14 02:00,5.13445053
03/26/14 03:00,4.883976201
03/26/14 04:00,4.994575269
03/26/14 05:00,5.297576245
03/26/14 06:00,5.182235034
03/26/14 07:00,5.017755493
03/26/14 08:00,4.97092299
03/26/14 09:00,4.895577776
03/26/14 10:00,4.26787807
03/26/14 11:00,3.176361348
03/26/14 12:00,3.047238311
03/26/14 13:00,3.118233146
03/26/14 14:00,3.223972369
03/26/14 15:00,3.262768262
03/26/14 16:00,3.167572741
03/26/14 17:00,3.041875777
03/26/14 18:00,2.989090609
03/26/14 19:00,2.749330265
03/26/14 20:00,2.87963608
03/26/14 21:00,2.844687668
03/26/14 22:00,2.892452996
03/26/14 23:00,2.877802831
03/27/14 00:00,2.83082999
03/27/14 01:00,2.776619775
03/27/14 02:00,3.008843673
03/27/14 03:00,2.839997154
03/27/14 04:00,2.786384604
03/27/14 05:00,2.676368702
03/27/14 06:00,3.023650963
03/27/14 07:00,3.195564804
03/27/14 08:00,3.009903173
03/27/14 09:00,2.945217672
03/27/14 10:00,3.023165907
03/27/14 11:00,3.050789044
03/27/14 12:00,2.783161606
03/27/14 13:00,2.941137355
03/27/14 14:00,2.931283063
03/27/14 15:00,2.991238345
03/27/14 16:00,3.071052948
03/27/14 17:00,2.932590475
03/27/14 18:00,3.166205923
03/27/14 19:00,3.066003103
03/27/14 20:00,3.080939921
03/27/14 21:00,3.033122889
03/27/14 22:00,3.136784304
03/27/14 23:00,3.029169063
03/28/14 00:00,2.911972095
03/28/14 01:00,3.134501689
03/28/14 02:00,2.991656622
03/28/14 03:00,2.946787668
03/28/14 04:00,2.952671953
03/28/14 05:00,3.168917251
03/28/14 06:00,2.869203997
03/28/14 07:00,2.676133488
03/28/14 08:00,2.662309456
03/28/14 09:00,2.764934183
03/28/14 10:00,3.059780369
03/28/14 11:00,3.501224321
03/28/14 12:00,3.827066851
03/28/14 13:00,5.072752532
03/28/14 14:00,5.019504207
03/28/14 15:00,4.712271548
03/28/14 16:00,4.872516759
03/28/14 17:00,4.663222918
03/28/14 18:00,4.805693639
03/28/14 19:00,4.861861826
03/28/14 20:00,4.808094516
03/28/14 21:00,5.27457188
03/28/14 22:00,4.938847873
03/28/14 23:00,4.930146424
03/29/14 00:00,4.666594751
03/29/14 01:00,4.924108872
03/29/14 02:00,5.168709466
03/29/14 03:00,5.001658788
03/29/14 04:00,4.757655544
03/29/14 05:00,4.964537092
03/29/14 06:00,5.241386759
03/29/14 07:00,5.138859446
03/29/14 08:00,4.915412055
03/29/14 09:00,5.045494532
03/29/14 10:00,5.04441853
03/29/14 11:00,5.224302836
03/29/14 12:00,4.896001305
03/29/14 13:00,4.86438594
03/29/14 14:00,4.70487766
03/29/14 15:00,4.72287607
03/29/14 16:00,4.726643813
03/29/14 17:00,4.790282939
03/29/14 18:00,4.754712016
03/29/14 19:00,4.641159111
03/29/14 20:00,4.773694869
03/29/14 21:00,5.028746304
03/29/14 22:00,4.596566734
03/29/14 23:00,5.222590822
03/30/14 00:00,4.814935315
03/30/14 01:00,4.889617715
03/30/14 02:00,5.102845368
03/30/14 03:00,4.798599459
03/30/14 04:00,4.916819585
03/30/14 05:00,4.916654194
03/30/14 06:00,4.990855999
03/30/14 07:00,5.038810197
03/30/14 08:00,4.969654943
03/30/14 09:00,5.152769253
03/30/14 10:00,4.893722477
03/30/14 11:00,4.732385678
03/30/14 12:00,5.134986723
03/30/14 13:00,4.945344199
03/30/14 14:00,5.201904002
03/30/14 15:00,4.878731965
03/30/14 16:00,4.905563365
03/30/14 17:00,4.717489198
03/30/14 18:00,5.010762289
03/30/14 19:00,5.021057105
03/30/14 20:00,5.152687003
03/30/14 21:00,4.819048173
03/30/14 22:00,5.215794737
03/30/14 23:00,4.857209675
03/31/14 00:00,4.860020897
03/31/14 01:00,4.933536305
03/31/14 02:00,4.741746402
03/31/14 03:00,4.990716224
03/31/14 04:00,5.033536929
03/31/14 05:00,4.755364961
03/31/14 06:00,4.897647352
03/31/14 07:00,5.230780805
03/31/14 08:00,4.964560408
03/31/14 09:00,5.144514895
03/31/14 10:00,4.927238786
03/31/14 11:00,4.827702384
03/31/14 12:00,5.21162106
03/31/14 13:00,5.118340212
03/31/14 14:00,4.895505588
03/31/14 15:00,5.125646049
03/31/14 16:00,4.97928699
03/31/14 17:00,4.970698753
03/31/14 18:00,5.1325519
03/31/14 19:00,4.812276086
03/31/14 20:00,4.828593454
03/31/14 21:00,4.836806781
03/31/14 22:00,5.137910318
03/31/14 23:00,5.267909295
04/01/14 00:00,3.370223353
04/01/14 01:00,3.333663967
04/01/14 02:00,3.069694942
04/01/14 03:00,3.139300655
04/01/14 04:00,3.270097691
04/01/14 05:00,3.366133801
04/01/14 06:00,3.370619937
04/01/14 07:00,3.232293713
04/01/14 08:00,3.234827555
04/01/14 09:00,3.115113507
04/01/14 10:00,5.236070984
04/01/14 11:00,5.462508969
04/01/14 12:00,5.405785462
04/01/14 13:00,5.599199181
04/01/14 14:00,5.410543018
04/01/14 15:00,5.617293602
04/01/14 16:00,5.587069455
04/01/14 17:00,5.598209402
04/01/14 18:00,5.398102065
04/01/14 19:00,5.508110297
04/01/14 20:00,5.673398763
04/01/14 21:00,5.793639017
04/01/14 22:00,5.370426644
04/01/14 23:00,5.436293374
04/02/14 00:00,5.333630565
04/02/14 01:00,5.587847041
04/02/14 02:00,5.457383155
04/02/14 03:00,5.25797645
04/02/14 04:00,5.526004
04/02/14 05:00,5.867105694
04/02/14 06:00,5.736543481
04/02/14 07:00,5.774163122
04/02/14 08:00,5.646415476
04/02/14 09:00,5.426782949
04/02/14 10:00,5.319534005
04/02/14 11:00,5.399177219
04/02/14 12:00,5.631890884
04/02/14 13:00,5.378416249
04/02/14 14:00,5.451118175
04/02/14 15:00,5.368433442
04/02/14 16:00,5.458503363
04/02/14 17:00,5.280269363
04/02/14 18:00,5.200372706
04/02/14 19:00,5.356748603
04/02/14 20:00,5.52179745
04/02/14 21:00,5.57279525
04/02/14 22:00,5.51866478
04/02/14 23:00,5.433019272
04/03/14 00:00,5.233793368
04/03/14 01:00,5.136862821
04/03/14 02:00,5.101728304
04/03/14 03:00,5.532483737
04/03/14 04:00,5.345744539
04/03/14 05:00,5.329479532
04/03/14 06:00,5.337067253
04/03/14 07:00,5.018619008
04/03/14 08:00,5.295716969
04/03/14 09:00,5.588591925
04/03/14 10:00,5.364639687
04/03/14 11:00,5.015872408
04/03/14 12:00,5.238143287
04/03/14 13:00,5.319702246
04/03/14 14:00,5.040089208
04/03/14 15:00,4.909946629
04/03/14 16:00,4.872150588
04/03/14 17:00,5.381231866
04/03/14 18:00,5.198308598
04/03/14 19:00,5.355111338
04/03/14 20:00,5.034041465
04/03/14 21:00,5.050749773
04/03/14 22:00,5.126805763
04/03/14 23:00,5.019981012
04/04/14 00:00,5.01988199
04/04/14 01:00,4.697755378
04/04/14 02:00,4.737981678
04/04/14 03:00,4.873835146
04/04/14 04:00,4.82390165
04/04/14 05:00,4.832848364
04/04/14 06:00,4.910109028
04/04/14 07:00,4.908307725
04/04/14 08:00,4.687222427
04/04/14 09:00,4.977859702
04/04/14 10:00,4.931723606
04/04/14 11:00,5.065304421
04/04/14 12:00,5.153292995
04/04/14 13:00,4.742332878
04/04/14 14:00,4.907422453
04/04/14 15:00,4.976938655
04/04/14 16:00,4.87785643
04/04/14 17:00,4.944772529
04/04/14 18:00,4.898498798
04/04/14 19:00,4.89313653
04/04/14 20:00,4.863479647
04/04/14 21:00,4.902153251
04/04/14 22:00,4.876188872
04/04/14 23:00,4.884518316
04/05/14 00:00,5.11030536
04/05/14 01:00,4.944699975
04/05/14 02:00,4.92164025
04/05/14 03:00,4.908058149
04/05/14 04:00,4.889309252
04/05/14 05:00,5.119125371
04/05/14 06:00,4.93383413
04/05/14 07:00,4.964634986
04/05/14 08:00,4.971722608
04/05/14 09:00,5.008903315
04/05/14 10:00,4.886758333
04/05/14 11:00,5.023988429
04/05/14 12:00,5.011685502
04/05/14 13:00,4.821809481
04/05/14 14:00,4.992164696
04/05/14 15:00,5.027700214
04/05/14 16:00,4.794477934
04/05/14 17:00,4.670977962
04/05/14 18:00,4.992663892
04/05/14 19:00,4.835746918
04/05/14 20:00,4.81250017
04/05/14 21:00,4.711879663
04/05/14 22:00,4.781981847
04/05/14 23:00,4.684390562
04/06/14 00:00,4.95674464
04/06/14 01:00,4.780340949
04/06/14 02:00,4.826093846
04/06/14 03:00,4.771560045
04/06/14 04:00,4.639809774
04/06/14 05:00,5.196277065
04/06/14 06:00,4.944418065
04/06/14 07:00,4.817703171
04/06/14 08:00,4.987852128
04/06/14 09:00,4.80166139
04/06/14 10:00,4.87834162
04/06/14 11:00,4.978168196
04/06/14 12:00,5.096838304
04/06/14 13:00,5.066302062
04/06/14 14:00,5.029043805
04/06/14 15:00,4.866963755
04/06/14 16:00,4.687710919
04/06/14 17:00,4.769488096
04/06/14 18:00,4.959613391
04/06/14 19:00,4.986154519
04/06/14 20:00,4.817302307
04/06/14 21:00,5.004763681
04/06/14 22:00,4.754622609
04/06/14 23:00,4.604771784
04/07/14 00:00,4.93802264
04/07/14 01:00,4.777741486
04/07/14 02:00,4.75247033
04/07/14 03:00,4.821440827
04/07/14 04:00,4.70665143
04/07/14 05:00,5.020091337
04/07/14 06:00,4.74603906
04/07/14 07:00,4.841910696
04/07/14 08:00,4.79268894
04/07/14 09:00,5.120539002
04/07/14 10:00,4.928493203
04/07/14 11:00,5.168904103
04/07/14 12:00,4.922786379
04/07/14 13:00,5.050513325
04/07/14 14:00,4.827862688
04/07/14 15:00,5.008195021
04/07/14 16:00,4.776111399
04/07/14 17:00,4.93038166
04/07/14 18:00,4.712629965
04/07/14 19:00,4.877406121
04/07/14 20:00,4.891259309
04/07/14 21:00,4.949327968
04/07/14 22:00,4.918173852
04/07/14 23:00,4.859728667
04/08/14 00:00,4.843095926
04/08/14 01:00,4.899769228
04/08/14 02:00,4.848594879
04/08/14 03:00,5.097541132
04/08/14 04:00,4.861288132
04/08/14 05:00,4.942643184
04/08/14 06:00,4.934083564
04/08/14 07:00,4.989153392
04/08/14 08:00,4.91534113
04/08/14 09:00,4.94693424
04/08/14 10:00,4.995037597
04/08/14 11:00,5.306582624
04/08/14 12:00,5.573275632
04/08/14 13:00,8.612691497
04/08/14 14:00,8.816562023
04/08/14 15:00,8.86206825
04/08/14 16:00,8.907769914
04/08/14 17:00,8.259577579
04/08/14 18:00,8.4822817
04/08/14 19:00,8.407607212
04/08/14 20:00,9.326724026
04/08/14 21:00,8.730187519
04/08/14 22:00,9.322321277
04/08/14 23:00,8.560894711
04/09/14 00:00,9.05824114
04/09/14 01:00,8.593613065
04/09/14 02:00,8.503129619
04/09/14 03:00,8.633800518
04/09/14 04:00,8.52982998
04/09/14 05:00,9.29308073
04/09/14 06:00,8.586304324
04/09/14 07:00,8.495293827
04/09/14 08:00,8.213619765
04/09/14 09:00,8.324237591
04/09/14 10:00,8.292477996
04/09/14 11:00,8.755840493
04/09/14 12:00,8.373596464
04/09/14 13:00,8.816247343
04/09/14 14:00,9.197195705
04/09/14 15:00,9.307038505
04/09/14 16:00,8.820862595
04/09/14 17:00,8.77032263
04/09/14 18:00,8.477966737
04/09/14 19:00,8.468877449
04/09/14 20:00,8.879619023
04/09/14 21:00,8.30548673
04/09/14 22:00,8.898574839
04/09/14 23:00,9.377242969
04/10/14 00:00,8.973753241
04/10/14 01:00,8.420369239
04/10/14 02:00,8.953998555
04/10/14 03:00,9.031186331
04/10/14 04:00,8.478391318
04/10/14 05:00,8.872086804
04/10/14 06:00,8.451400644
04/10/14 07:00,8.781662528
04/10/14 08:00,8.345877926
04/10/14 09:00,9.084124681
04/10/14 10:00,8.935626198
04/10/14 11:00,8.47401392
04/10/14 12:00,8.948460356
04/10/14 13:00,8.864669174
04/10/14 14:00,8.588675818
04/10/14 15:00,9.391567157
04/10/14 16:00,9.381901562
04/10/14 17:00,8.661158417
04/10/14 18:00,9.075827209
04/10/14 19:00,8.891078054
04/10/14 20:00,8.835248805
04/10/14 21:00,8.587261014
04/10/14 22:00,8.601422519
04/10/14 23:00,9.034629273
04/11/14 00:00,8.614912336
04/11/14 01:00,9.112750485
04/11/14 02:00,8.920495973
04/11/14 03:00,8.861201598
04/11/14 04:00,9.498775842
04/11/14 05:00,8.72964108
04/11/14 06:00,8.705845936
04/11/14 07:00,8.990884471
04/11/14 08:00,8.859709936
04/11/14 09:00,8.663878056
04/11/14 10:00,9.095504681
04/11/14 11:00,9.189855017
04/11/14 12:00,8.957118929
04/11/14 13:00,7.304602688
04/11/14 14:00,5.271154008
04/11/14 15:00,5.080893458
04/11/14 16:00,5.027755204
04/11/14 17:00,4.998660563
04/11/14 18:00,4.754620603
04/11/14 19:00,5.058553515
04/11/14 20:00,4.743153949
04/11/14 21:00,4.728972844
04/11/14 22:00,5.123068654
04/11/14 23:00,4.638154063
04/12/14 00:00,4.88458103
04/12/14 01:00,5.140890591
04/12/14 02:00,4.772647069
04/12/14 03:00,4.879128259
04/12/14 04:00,5.149022706
04/12/14 05:00,4.875125863
04/12/14 06:00,4.666226448
04/12/14 07:00,4.60531315
04/12/14 08:00,5.078927453
04/12/14 09:00,4.773559307
04/12/14 10:00,4.914325928
04/12/14 11:00,4.91014377
04/12/14 12:00,5.058859732
04/12/14 13:00,5.084573188
04/12/14 14:00,4.948002518
04/12/14 15:00,4.925506335
04/12/14 16:00,5.000916938
04/12/14 17:00,4.527277628
04/12/14 18:00,4.755014802
04/12/14 19:00,5.217676917
04/12/14 20:00,5.124646376
04/12/14 21:00,4.835887642
04/12/14 22:00,4.845710711
04/12/14 23:00,4.766419905
04/13/14 00:00,4.655936583
04/13/14 01:00,5.039806258
04/13/14 02:00,5.016404904
04/13/14 03:00,4.76679584
04/13/14 04:00,4.706468057
04/13/14 05:00,4.985500517
04/13/14 06:00,4.986612829
04/13/14 07:00,4.767832382
04/13/14 08:00,4.953638369
04/13/14 09:00,4.755673981
04/13/14 10:00,5.124346989
04/13/14 11:00,5.001837809
04/13/14 12:00,5.020998343
04/13/14 13:00,5.095005546
04/13/14 14:00,5.171919956
04/13/14 15:00,5.140279918
04/13/14 16:00,5.223636039
04/13/14 17:00,4.967759005
04/13/14 18:00,4.787969634
04/13/14 19:00,4.880939233
04/13/14 20:00,4.72674727
04/13/14 21:00,4.871555578
04/13/14 22:00,4.544996497
04/13/14 23:00,4.65369763
04/14/14 00:00,4.769512644
04/14/14 01:00,4.414056263
04/14/14 02:00,4.361087632
04/14/14 03:00,4.674179718
04/14/14 04:00,4.482703336
04/14/14 05:00,4.51956247
04/14/14 06:00,4.664834707
04/14/14 07:00,4.680891673
04/14/14 08:00,4.606280803
04/14/14 09:00,3.168584735
04/14/14 10:00,3.281973559
04/14/14 11:00,4.544511142
04/14/14 12:00,4.491562313
04/14/14 13:00,4.719400517
04/14/14 14:00,4.706829475
04/14/14 15:00,4.546205037
04/14/14 16:00,4.441864447
04/14/14 17:00,4.540359013
04/14/14 18:00,4.739619919
04/14/14 19:00,4.65679887
04/14/14 20:00,4.529748751
04/14/14 21:00,4.552662785
04/14/14 22:00,4.647296997
04/14/14 23:00,4.25956908
04/15/14 00:00,4.601951684
04/15/14 01:00,4.465624477
04/15/14 02:00,4.499734346
04/15/14 03:00,4.422246916
04/15/14 04:00,4.72070474
04/15/14 05:00,4.576429088
04/15/14 06:00,4.592425629
04/15/14 07:00,4.885858719
04/15/14 08:00,4.428479433
04/15/14 09:00,4.707672483
04/15/14 10:00,4.694351837
04/15/14 11:00,4.388549311
04/15/14 12:00,4.456848915
04/15/14 13:00,4.83249231
04/15/14 14:00,4.475653422
04/15/14 15:00,3.975229166
04/15/14 16:00,4.413202029
04/15/14 17:00,5.162311582
04/15/14 18:00,4.678865899
04/15/14 19:00,4.835955311
04/15/14 20:00,4.684909541
04/15/14 21:00,4.62900505
04/15/14 22:00,4.537633742
04/15/14 23:00,4.44951133
04/16/14 00:00,4.829241817
04/16/14 01:00,4.461012527
04/16/14 02:00,4.382135201
04/16/14 03:00,4.704656216
04/16/14 04:00,4.41228928
04/16/14 05:00,4.367658599
04/16/14 06:00,4.477915584
04/16/14 07:00,4.270643341
04/16/14 08:00,4.214852926
04/16/14 09:00,2.961003772
04/16/14 10:00,3.058186017
04/16/14 11:00,4.633624277
04/16/14 12:00,4.869980901
04/16/14 13:00,4.664698347
04/16/14 14:00,4.75173504
04/16/14 15:00,4.464543024
04/16/14 16:00,4.318639149
04/16/14 17:00,4.750919255
04/16/14 18:00,4.417144615
04/16/14 19:00,4.191397838
04/16/14 20:00,4.589056466
04/16/14 21:00,4.617656887
04/16/14 22:00,4.404781813
04/16/14 23:00,4.464920844
04/17/14 00:00,4.486952535
04/17/14 01:00,4.370803959
04/17/14 02:00,4.169978251
04/17/14 03:00,4.54966895
04/17/14 04:00,4.677922718
04/17/14 05:00,4.497486814
04/17/14 06:00,4.911063157
04/17/14 07:00,4.511507539
04/17/14 08:00,4.595576965
04/17/14 09:00,4.72465524
04/17/14 10:00,4.575275731
04/17/14 11:00,4.398704971
04/17/14 12:00,4.940625179
04/17/14 13:00,4.858200933
04/17/14 14:00,5.226578003
04/17/14 15:00,7.379774689
04/17/14 16:00,7.615133498
04/17/14 17:00,7.471068543
04/17/14 18:00,7.561578663
04/17/14 19:00,8.328190006
04/17/14 20:00,7.836913795
04/17/14 21:00,7.908054446
04/17/14 22:00,8.154785099
04/17/14 23:00,7.979127664
04/18/14 00:00,7.812316203
04/18/14 01:00,7.631178644
04/18/14 02:00,7.60966827
04/18/14 03:00,8.136739146
04/18/14 04:00,8.046005305
04/18/14 05:00,8.008342885
04/18/14 06:00,8.093648606
04/18/14 07:00,7.396514327
04/18/14 08:00,7.99316269
04/18/14 09:00,7.580599735
04/18/14 10:00,8.08148603
04/18/14 11:00,8.318568893
04/18/14 12:00,8.971456441
04/18/14 13:00,8.446757834
04/18/14 14:00,8.80689099
04/18/14 15:00,8.505700084
04/18/14 16:00,8.533064805
04/18/14 17:00,8.523744338
04/18/14 18:00,8.478451118
04/18/14 19:00,8.330515462
04/18/14 20:00,8.467870127
04/18/14 21:00,9.123361026
04/18/14 22:00,8.735914843
04/18/14 23:00,8.655202797
04/19/14 00:00,8.368514842
04/19/14 01:00,8.843618311
04/19/14 02:00,8.717578341
04/19/14 03:00,8.536456831
04/19/14 04:00,8.732130214
04/19/14 05:00,8.130386739
04/19/14 06:00,8.902571624
04/19/14 07:00,9.152147312
04/19/14 08:00,8.180641588
04/19/14 09:00,8.807398748
04/19/14 10:00,8.452252245
04/19/14 11:00,8.025413502
04/19/14 12:00,8.020882851
04/19/14 13:00,8.246824945
04/19/14 14:00,8.115023417
04/19/14 15:00,8.540056178
04/19/14 16:00,8.656182327
04/19/14 17:00,8.671152271
04/19/14 18:00,8.219198615
04/19/14 19:00,8.571587819
04/19/14 20:00,8.239912196
04/19/14 21:00,8.824714666
04/19/14 22:00,8.650949388
04/19/14 23:00,8.76754455
04/20/14 00:00,8.331791647
04/20/14 01:00,8.26661545
04/20/14 02:00,8.357828484
04/20/14 03:00,8.54018316
04/20/14 04:00,9.114307371
04/20/14 05:00,8.561916735
04/20/14 06:00,8.435580344
04/20/14 07:00,8.608019367
04/20/14 08:00,8.392044763
04/20/14 09:00,8.6686258
04/20/14 10:00,8.552404607
04/20/14 11:00,8.225940221
04/20/14 12:00,5.256650509
04/20/14 13:00,4.812955345
04/20/14 14:00,4.791033641
04/20/14 15:00,5.053257403
04/20/14 16:00,4.434949934
04/20/14 17:00,4.452054021
04/20/14 18:00,4.723828404
04/20/14 19:00,4.844555647
04/20/14 20:00,4.867025582
04/20/14 21:00,4.708722172
04/20/14 22:00,4.563688256
04/20/14 23:00,4.749965024
04/21/14 00:00,5.103940059
04/21/14 01:00,4.631370145
04/21/14 02:00,4.745030345
04/21/14 03:00,5.015014984
04/21/14 04:00,5.310370151
04/21/14 05:00,5.08576377
04/21/14 06:00,4.807691989
04/21/14 07:00,4.890179166
04/21/14 08:00,4.980723668
04/21/14 09:00,4.79360989
04/21/14 10:00,4.785833933
04/21/14 11:00,4.607856582
04/21/14 12:00,5.007362381
04/21/14 13:00,4.922303235
04/21/14 14:00,4.69914446
04/21/14 15:00,4.872452027
04/21/14 16:00,4.765414593
04/21/14 17:00,4.822020826
04/21/14 18:00,5.013697573
04/21/14 19:00,4.424568997
04/21/14 20:00,4.55705279
04/21/14 21:00,4.622035455
04/21/14 22:00,4.841010359
04/21/14 23:00,4.859602771
04/22/14 00:00,4.620683271
04/22/14 01:00,4.334829331
04/22/14 02:00,4.598033552
04/22/14 03:00,4.498857305
04/22/14 04:00,4.468990507
04/22/14 05:00,4.619565379
04/22/14 06:00,4.691919557
04/22/14 07:00,4.694285981
04/22/14 08:00,4.61694139
04/22/14 09:00,4.92556796
04/22/14 10:00,4.682280907
04/22/14 11:00,5.257662809
04/22/14 12:00,4.712111394
04/22/14 13:00,4.615111514
04/22/14 14:00,4.826423188
04/22/14 15:00,5.032578394
04/22/14 16:00,5.155224212
04/22/14 17:00,4.654663995
04/22/14 18:00,4.785004356
04/22/14 19:00,4.806207089
04/22/14 20:00,4.670885272
04/22/14 21:00,4.861757855
04/22/14 22:00,4.768189171
04/22/14 23:00,4.875102514
04/23/14 00:00,4.504591101
04/23/14 01:00,4.550970426
04/23/14 02:00,4.585933243
04/23/14 03:00,4.706073231
04/23/14 04:00,4.439913726
04/23/14 05:00,4.759383698
04/23/14 06:00,4.934245922
04/23/14 07:00,4.792737046
04/23/14 08:00,4.95793177
04/23/14 09:00,4.741195514
04/23/14 10:00,4.597944105
04/23/14 11:00,4.890293934
04/23/14 12:00,4.991509408
04/23/14 13:00,4.635117103
04/23/14 14:00,4.633844944
04/23/14 15:00,4.629781943
04/23/14 16:00,4.824114193
04/23/14 17:00,4.531534795
04/23/14 18:00,4.701626196
04/23/14 19:00,4.683083468
04/23/14 20:00,4.746769169
04/23/14 21:00,4.833271549
04/23/14 22:00,4.596455054
04/23/14 23:00,4.874231262
04/24/14 00:00,4.663839004
04/24/14 01:00,4.545431077
04/24/14 02:00,4.508552151
04/24/14 03:00,4.420600456
04/24/14 04:00,4.648385735
04/24/14 05:00,4.803227905
04/24/14 06:00,4.698235372
04/24/14 07:00,4.783539859
04/24/14 08:00,4.897619187
04/24/14 09:00,4.758120986
04/24/14 10:00,4.909355004
04/24/14 11:00,5.045812878
04/24/14 12:00,4.578831029
04/24/14 13:00,4.680409481
04/24/14 14:00,4.755586913
04/24/14 15:00,4.514800998
04/24/14 16:00,4.732542033
04/24/14 17:00,4.591601429
04/24/14 18:00,4.846064927
04/24/14 19:00,5.011509203
04/24/14 20:00,4.44815266
04/24/14 21:00,4.504114147
04/24/14 22:00,4.828737018
04/24/14 23:00,5.00364564
04/25/14 00:00,4.818423118
04/25/14 01:00,4.746854727
04/25/14 02:00,4.962144903
04/25/14 03:00,4.829983622
04/25/14 04:00,4.960763218
04/25/14 05:00,5.12619932
04/25/14 06:00,5.086406956
04/25/14 07:00,4.966038065
04/25/14 08:00,5.136112297
04/25/14 09:00,5.205661814
04/25/14 10:00,5.092856614
04/25/14 11:00,5.314135423
04/25/14 12:00,5.375755995
04/25/14 13:00,4.408578391
04/25/14 14:00,4.51706247
04/25/14 15:00,5.628547457
04/25/14 16:00,4.849995915
04/25/14 17:00,5.221916125
04/25/14 18:00,5.312921832
04/25/14 19:00,4.888476645
04/25/14 20:00,4.897416111
04/25/14 21:00,4.874613735
04/25/14 22:00,5.065803582
04/25/14 23:00,4.954091196
04/26/14 00:00,5.017628442
04/26/14 01:00,5.217833215
04/26/14 02:00,4.96688065
04/26/14 03:00,4.930249582
04/26/14 04:00,5.024386383
04/26/14 05:00,4.873809189
04/26/14 06:00,4.974165159
04/26/14 07:00,4.869494015
04/26/14 08:00,4.92230452
04/26/14 09:00,4.763076374
04/26/14 10:00,4.148766118
04/26/14 11:00,3.636426665
04/26/14 12:00,3.120184707
04/26/14 13:00,3.373342776
04/26/14 14:00,3.134560217
04/26/14 15:00,3.336565989
04/26/14 16:00,3.499790428
04/26/14 17:00,3.496797579
04/26/14 18:00,3.244921596
04/26/14 19:00,2.918262317
04/26/14 20:00,2.955816079
04/26/14 21:00,3.006875943
04/26/14 22:00,2.996199631
04/26/14 23:00,3.185391972
04/27/14 00:00,3.006204087
04/27/14 01:00,3.223007732
04/27/14 02:00,3.084390172
04/27/14 03:00,3.153486975
04/27/14 04:00,3.275936745
04/27/14 05:00,2.927427269
04/27/14 06:00,3.106850541
04/27/14 07:00,3.269401547
04/27/14 08:00,3.159880184
04/27/14 09:00,3.325286949
04/27/14 10:00,3.359398705
04/27/14 11:00,3.196594645
04/27/14 12:00,3.066849645
04/27/14 13:00,3.170788055
04/27/14 14:00,3.122003232
04/27/14 15:00,3.293199452
04/27/14 16:00,3.224079361
04/27/14 17:00,3.207479883
04/27/14 18:00,3.246182987
04/27/14 19:00,3.139334771
04/27/14 20:00,3.325422375
04/27/14 21:00,3.242043681
04/27/14 22:00,3.2811717
04/27/14 23:00,3.16086581
04/28/14 00:00,3.346210701
04/28/14 01:00,3.295747165
04/28/14 02:00,3.383609008
04/28/14 03:00,3.103008119
04/28/14 04:00,3.107414972
04/28/14 05:00,3.381437071
04/28/14 06:00,3.128345459
04/28/14 07:00,3.067208857
04/28/14 08:00,2.959566298
04/28/14 09:00,2.941966629
04/28/14 10:00,3.240918972
04/28/14 11:00,3.502128458
04/28/14 12:00,3.935175842
04/28/14 13:00,5.014393341
04/28/14 14:00,5.019468484
04/28/14 15:00,4.929013188
04/28/14 16:00,4.881509383
04/28/14 17:00,4.746514734
04/28/14 18:00,4.767018485
04/28/14 19:00,4.951911229
04/28/14 20:00,4.825610954
04/28/14 21:00,4.823314221
04/28/14 22:00,4.903970735
04/28/14 23:00,4.662027038
04/29/14 00:00,4.658689241
04/29/14 01:00,5.07009506
04/29/14 02:00,4.732547565
04/29/14 03:00,5.141532004
04/29/14 04:00,4.827460259
04/29/14 05:00,5.006869345
04/29/14 06:00,4.922450486
04/29/14 07:00,5.158549309
04/29/14 08:00,4.927741964
04/29/14 09:00,4.702329617
04/29/14 10:00,5.135575909
04/29/14 11:00,5.008915364
04/29/14 12:00,4.721789256
04/29/14 13:00,4.83536867
04/29/14 14:00,5.203419776
04/29/14 15:00,5.226746046
04/29/14 16:00,4.988346546
04/29/14 17:00,5.107742774
04/29/14 18:00,5.256786523
04/29/14 19:00,4.997698758
04/29/14 20:00,4.890623466
04/29/14 21:00,4.795599735
04/29/14 22:00,5.105602995
04/29/14 23:00,4.903295779
04/30/14 00:00,4.74084312
04/30/14 01:00,4.808592559
04/30/14 02:00,4.990680552
04/30/14 03:00,4.864979521
04/30/14 04:00,5.031232441
04/30/14 05:00,5.114170843
04/30/14 06:00,5.036881661
04/30/14 07:00,4.880312311
04/30/14 08:00,4.690374476
04/30/14 09:00,5.035620391
04/30/14 10:00,4.966564171
04/30/14 11:00,4.808312239
04/30/14 12:00,5.015006215
04/30/14 13:00,4.942026358
04/30/14 14:00,4.717731412
04/30/14 15:00,5.220709452
04/30/14 16:00,4.849614186
04/30/14 17:00,5.11647892
04/30/14 18:00,4.674013661
04/30/14 19:00,4.968318351
04/30/14 20:00,4.847072257
04/30/14 21:00,4.950199017
04/30/14 22:00,4.684062288
04/30/14 23:00,5.297129408
05/01/14 00:00,4.960536152
05/01/14 01:00,4.624539026
05/01/14 02:00,4.749492812
05/01/14 03:00,5.191020597
05/01/14 04:00,4.888393274
05/01/14 05:00,4.868250168
05/01/14 06:00,4.990249373
05/01/14 07:00,4.962620155
05/01/14 08:00,4.980975618
05/01/14 09:00,4.985789454
05/01/14 10:00,5.127405162
05/01/14 11:00,5.127753104
05/01/14 12:00,4.937572993
05/01/14 13:00,4.914580616
05/01/14 14:00,4.90911208
05/01/14 15:00,4.872461373
05/01/14 16:00,5.113971884
05/01/14 17:00,5.122176191
05/01/14 18:00,4.870937486
05/01/14 19:00,4.700654277
05/01/14 20:00,5.039763249
05/01/14 21:00,4.899793056
05/01/14 22:00,4.973797479
05/01/14 23:00,5.497810684
05/02/14 00:00,4.007873034
05/02/14 01:00,4.030300501
05/02/14 02:00,3.958222441
05/02/14 03:00,3.878273565
05/02/14 04:00,4.088497367
05/02/14 05:00,3.909160247
05/02/14 06:00,3.858089531
05/02/14 07:00,3.850045309
05/02/14 08:00,4.220181585
05/02/14 09:00,3.841959998
05/02/14 10:00,6.311686226
05/02/14 11:00,6.268232929
05/02/14 12:00,6.52985634
05/02/14 13:00,6.031055252
05/02/14 14:00,6.04880672
05/02/14 15:00,6.426546153
05/02/14 16:00,6.241110856
05/02/14 17:00,6.297197924
05/02/14 18:00,6.413261058
05/02/14 19:00,6.327658239
05/02/14 20:00,6.363255124
05/02/14 21:00,6.379533293
05/02/14 22:00,6.220246838
05/02/14 23:00,6.406326367
05/03/14 00:00,6.632043767
05/03/14 01:00,5.915086497
05/03/14 02:00,6.030583783
05/03/14 03:00,6.263518556
05/03/14 04:00,6.074549002
05/03/14 05:00,6.12264685
05/03/14 06:00,6.365963941
05/03/14 07:00,6.362236826
05/03/14 08:00,6.349444264
05/03/14 09:00,5.970743014
05/03/14 10:00,6.115272364
05/03/14 11:00,6.3707799
05/03/14 12:00,6.337181529
05/03/14 13:00,6.339917313
05/03/14 14:00,6.527425982
05/03/14 15:00,6.397546033
05/03/14 16:00,6.457706805
05/03/14 17:00,5.770055552
05/03/14 18:00,6.257446998
05/03/14 19:00,6.332934837
05/03/14 20:00,6.499940256
05/03/14 21:00,6.319757621
05/03/14 22:00,6.319530469
05/03/14 23:00,6.281648706
05/04/14 00:00,6.075627377
05/04/14 01:00,5.835542679
05/04/14 02:00,6.198274936
05/04/14 03:00,6.016398774
05/04/14 04:00,5.945279212
05/04/14 05:00,6.070480484
05/04/14 06:00,5.975589593
05/04/14 07:00,6.349808885
05/04/14 08:00,6.048967965
05/04/14 09:00,5.96936955
05/04/14 10:00,5.725589505
05/04/14 11:00,5.760353881
05/04/14 12:00,5.733086417
05/04/14 13:00,6.17818478
05/04/14 14:00,6.141652166
05/04/14 15:00,5.904500642
05/04/14 16:00,5.709521316
05/04/14 17:00,6.087554204
05/04/14 18:00,6.205813576
05/04/14 19:00,6.107424218
05/04/14 20:00,5.823922305
05/04/14 21:00,5.803466391
05/04/14 22:00,5.891605437
05/04/14 23:00,6.39452747
05/05/14 00:00,5.404367503
05/05/14 01:00,5.639765192
05/05/14 02:00,5.810760984
05/05/14 03:00,5.567234777
05/05/14 04:00,5.77010433
05/05/14 05:00,5.811253346
05/05/14 06:00,5.553496251
05/05/14 07:00,5.905040427
05/05/14 08:00,5.783782948
05/05/14 09:00,5.670518764
05/05/14 10:00,5.780830599
05/05/14 11:00,5.859633856
05/05/14 12:00,6.020328131
05/05/14 13:00,5.414511649
05/05/14 14:00,6.040780893
05/05/14 15:00,5.688313048
05/05/14 16:00,5.91255358
05/05/14 17:00,5.652145625
05/05/14 18:00,5.73844296
05/05/14 19:00,5.756069534
05/05/14 20:00,5.865888127
05/05/14 21:00,5.542054718
05/05/14 22:00,5.814371492
05/05/14 23:00,5.71594811
05/06/14 00:00,5.316472306
05/06/14 01:00,5.544660976
05/06/14 02:00,5.442519689
05/06/14 03:00,5.724998195
05/06/14 04:00,5.682814627
05/06/14 05:00,5.822887881
05/06/14 06:00,5.686126254
05/06/14 07:00,5.621408398
05/06/14 08:00,5.965315241
05/06/14 09:00,6.005691173
05/06/14 10:00,5.470201926
05/06/14 11:00,5.627640557
05/06/14 12:00,6.00190785
05/06/14 13:00,5.29477263
05/06/14 14:00,5.507267124
05/06/14 15:00,5.871896356
05/06/14 16:00,5.687786992
05/06/14 17:00,5.469197074
05/06/14 18:00,5.462928918
05/06/14 19:00,5.641094774
05/06/14 20:00,5.662636889
05/06/14 21:00,5.768725038
05/06/14 22:00,5.685166281
05/06/14 23:00,5.520223497
05/07/14 00:00,5.655677438
05/07/14 01:00,5.206253718
05/07/14 02:00,5.55203984
05/07/14 03:00,5.353193196
05/07/14 04:00,5.359973213
05/07/14 05:00,5.747800221
05/07/14 06:00,5.73916262
05/07/14 07:00,5.714881518
05/07/14 08:00,5.979606543
05/07/14 09:00,5.732206396
05/07/14 10:00,5.953739473
05/07/14 11:00,5.568468383
05/07/14 12:00,5.953829892
05/07/14 13:00,5.774404105
05/07/14 14:00,5.682171568
05/07/14 15:00,5.707183311
05/07/14 16:00,5.559800088
05/07/14 17:00,5.864329
05/07/14 18:00,5.566971974
05/07/14 19:00,5.745186377
05/07/14 20:00,5.509997068
05/07/14 21:00,5.583061418
05/07/14 22:00,5.596612619
05/07/14 23:00,5.623137197
05/08/14 00:00,5.76153152
05/08/14 01:00,5.441474662
05/08/14 02:00,5.637195223
05/08/14 03:00,5.539256006
05/08/14 04:00,5.45377453
05/08/14 05:00,5.764069612
05/08/14 06:00,5.584209038
05/08/14 07:00,5.686355473
05/08/14 08:00,5.404949756
05/08/14 09:00,5.929824662
05/08/14 10:00,5.589045464
05/08/14 11:00,5.73521062
05/08/14 12:00,6.001886356
05/08/14 13:00,6.002531948
05/08/14 14:00,5.574031624
05/08/14 15:00,5.587815791
05/08/14 16:00,6.087788723
05/08/14 17:00,5.874103678
05/08/14 18:00,5.551127468
05/08/14 19:00,6.024848209
05/08/14 20:00,5.589010956
05/08/14 21:00,5.334544954
05/08/14 22:00,5.708662487
05/08/14 23:00,5.622234309
05/09/14 00:00,5.870723784
05/09/14 01:00,5.557279226
05/09/14 02:00,5.737538026
05/09/14 03:00,5.705590534
05/09/14 04:00,5.52497428
05/09/14 05:00,5.555713137
05/09/14 06:00,5.779664587
05/09/14 07:00,5.601513023
05/09/14 08:00,5.713962248
05/09/14 09:00,6.256182076
05/09/14 10:00,5.954075796
05/09/14 11:00,5.900512506
05/09/14 12:00,6.226012849
05/09/14 13:00,9.820410139
05/09/14 14:00,9.464069609
05/09/14 15:00,9.154446611
05/09/14 16:00,9.63650076
05/09/14 17:00,9.08006692
05/09/14 18:00,9.502239383
05/09/14 19:00,9.450536319
05/09/14 20:00,9.981131104
05/09/14 21:00,9.555376127
05/09/14 22:00,9.384562783
05/09/14 23:00,9.206298384
05/10/14 00:00,9.633119567
05/10/14 01:00,9.14672529
05/10/14 02:00,9.388026382
05/10/14 03:00,9.127560609
05/10/14 04:00,9.896251959
05/10/14 05:00,9.735399906
05/10/14 06:00,9.221067175
05/10/14 07:00,8.894474099
05/10/14 08:00,10.08445979
05/10/14 09:00,9.990428934
05/10/14 10:00,9.958265225
05/10/14 11:00,10.14298277
05/10/14 12:00,9.576344173
05/10/14 13:00,10.13516717
05/10/14 14:00,9.761749891
05/10/14 15:00,9.863538771
05/10/14 16:00,9.487585247
05/10/14 17:00,9.957457521
05/10/14 18:00,9.489849915
05/10/14 19:00,9.232789275
05/10/14 20:00,9.194402328
05/10/14 21:00,9.255323246
05/10/14 22:00,9.539556318
05/10/14 23:00,9.105277825
05/11/14 00:00,9.870243864
05/11/14 01:00,9.921599866
05/11/14 02:00,9.703647699
05/11/14 03:00,9.059848741
05/11/14 04:00,9.777712357
05/11/14 05:00,9.434363355
05/11/14 06:00,10.04123362
05/11/14 07:00,9.999067174
05/11/14 08:00,9.752695861
05/11/14 09:00,9.27406294
05/11/14 10:00,9.211243431
05/11/14 11:00,8.786635218
05/11/14 12:00,10.25669607
05/11/14 13:00,9.062785089
05/11/14 14:00,9.134266708
05/11/14 15:00,10.52085574
05/11/14 16:00,9.444611114
05/11/14 17:00,9.894458469
05/11/14 18:00,9.923991962
05/11/14 19:00,9.714512846
05/11/14 20:00,9.950280342
05/11/14 21:00,9.530685697
05/11/14 22:00,9.45379181
05/11/14 23:00,9.238791188
05/12/14 00:00,9.930617519
05/12/14 01:00,10.64405407
05/12/14 02:00,9.747361573
05/12/14 03:00,9.9656001
05/12/14 04:00,9.624298182
05/12/14 05:00,10.02094063
05/12/14 06:00,9.814133214
05/12/14 07:00,9.642374747
05/12/14 08:00,9.59565106
05/12/14 09:00,9.525792606
05/12/14 10:00,9.287482768
05/12/14 11:00,9.894320209
05/12/14 12:00,9.51053352
05/12/14 13:00,8.661408512
05/12/14 14:00,6.023599336
05/12/14 15:00,5.579438072
05/12/14 16:00,6.185868022
05/12/14 17:00,5.888214623
05/12/14 18:00,5.939291917
05/12/14 19:00,5.758572896
05/12/14 20:00,5.773236962
05/12/14 21:00,5.642390882
05/12/14 22:00,5.402119022
05/12/14 23:00,5.663211186
05/13/14 00:00,5.579793268
05/13/14 01:00,5.665421621
05/13/14 02:00,5.653138913
05/13/14 03:00,5.535837471
05/13/14 04:00,5.56479296
05/13/14 05:00,5.537730571
05/13/14 06:00,5.648236563
05/13/14 07:00,5.451824024
05/13/14 08:00,5.64182519
05/13/14 09:00,6.002969634
05/13/14 10:00,5.342153238
05/13/14 11:00,5.794929472
05/13/14 12:00,5.490668656
05/13/14 13:00,5.589259353
05/13/14 14:00,5.522220954
05/13/14 15:00,5.448927223
05/13/14 16:00,5.516040791
05/13/14 17:00,5.489198992
05/13/14 18:00,5.61916293
05/13/14 19:00,5.635798773
05/13/14 20:00,5.284322408
05/13/14 21:00,5.718294997
05/13/14 22:00,5.74151881
05/13/14 23:00,5.902706777
05/14/14 00:00,5.494592015
05/14/14 01:00,5.369553329
05/14/14 02:00,5.839561876
05/14/14 03:00,5.471409155
05/14/14 04:00,5.831019803
05/14/14 05:00,5.469187526
05/14/14 06:00,5.648288562
05/14/14 07:00,5.695423412
05/14/14 08:00,6.103741365
05/14/14 09:00,5.616093346
05/14/14 10:00,6.0140921
05/14/14 11:00,5.743658504
05/14/14 12:00,5.857299805
05/14/14 13:00,5.848041959
05/14/14 14:00,5.587388243
05/14/14 15:00,5.80600429
05/14/14 16:00,6.020107242
05/14/14 17:00,5.680639878
05/14/14 18:00,5.728198453
05/14/14 19:00,5.589072807
05/14/14 20:00,5.166202639
05/14/14 21:00,5.480487917
05/14/14 22:00,5.390204217
05/14/14 23:00,5.77296407
05/15/14 00:00,5.206970813
05/15/14 01:00,5.233395673
05/15/14 02:00,5.122442978
05/15/14 03:00,5.037488928
05/15/14 04:00,5.42221579
05/15/14 05:00,5.624691205
05/15/14 06:00,5.195984611
05/15/14 07:00,5.386353951
05/15/14 08:00,5.228085061
05/15/14 09:00,3.994810669
05/15/14 10:00,4.103717617
05/15/14 11:00,5.419093369
05/15/14 12:00,5.496894368
05/15/14 13:00,5.74423962
05/15/14 14:00,5.696213785
05/15/14 15:00,5.510901969
05/15/14 16:00,5.27122819
05/15/14 17:00,5.202725519
05/15/14 18:00,5.689660886
05/15/14 19:00,5.713588315
05/15/14 20:00,5.532982216
05/15/14 21:00,5.270112375
05/15/14 22:00,5.350469462
05/15/14 23:00,5.476833029
05/16/14 00:00,5.194287056
05/16/14 01:00,5.178810699
05/16/14 02:00,5.344806516
05/16/14 03:00,5.1908619
05/16/14 04:00,4.973030212
05/16/14 05:00,5.385804596
05/16/14 06:00,5.083336861
05/16/14 07:00,5.552622362
05/16/14 08:00,5.208020107
05/16/14 09:00,5.408487732
05/16/14 10:00,5.27201405
05/16/14 11:00,5.673595859
05/16/14 12:00,5.492243362
05/16/14 13:00,5.283757316
05/16/14 14:00,4.797312856
05/16/14 15:00,4.611151288
05/16/14 16:00,5.327162008
05/16/14 17:00,5.815110762
05/16/14 18:00,5.216943562
05/16/14 19:00,5.47326825
05/16/14 20:00,5.123088753
05/16/14 21:00,5.500859723
05/16/14 22:00,5.561817111
05/16/14 23:00,5.174869531
05/17/14 00:00,5.323553105
05/17/14 01:00,5.508738594
05/17/14 02:00,5.451954558
05/17/14 03:00,5.549288563
05/17/14 04:00,5.426513675
05/17/14 05:00,5.367432086
05/17/14 06:00,5.071433876
05/17/14 07:00,5.449959002
05/17/14 08:00,5.217338173
05/17/14 09:00,3.721835383
05/17/14 10:00,3.718899909
05/17/14 11:00,5.3350957
05/17/14 12:00,5.543618116
05/17/14 13:00,5.649155989
05/17/14 14:00,5.973922693
05/17/14 15:00,5.271257999
05/17/14 16:00,4.959039205
05/17/14 17:00,5.720622101
05/17/14 18:00,5.481920763
05/17/14 19:00,5.272428872
05/17/14 20:00,4.991144852
05/17/14 21:00,5.355654804
05/17/14 22:00,4.952847805
05/17/14 23:00,5.267426226
05/18/14 00:00,5.02367593
05/18/14 01:00,5.03850841
05/18/14 02:00,5.086617489
05/18/14 03:00,5.447314156
05/18/14 04:00,5.248077877
05/18/14 05:00,5.29017111
05/18/14 06:00,5.583456295
05/18/14 07:00,5.083103594
05/18/14 08:00,5.247021999
05/18/14 09:00,5.905548513
05/18/14 10:00,5.355627526
05/18/14 11:00,5.584461866
05/18/14 12:00,5.370576169
05/18/14 13:00,5.710139478
05/18/14 14:00,5.845844179
05/18/14 15:00,7.842933004
05/18/14 16:00,7.994379811
05/18/14 17:00,8.750155534
05/18/14 18:00,8.243476944
05/18/14 19:00,8.331929499
05/18/14 20:00,8.60695216
05/18/14 21:00,8.664049381
05/18/14 22:00,8.703099935
05/18/14 23:00,8.733978899
05/19/14 00:00,8.233448133
05/19/14 01:00,8.703726841
05/19/14 02:00,8.936692197
05/19/14 03:00,8.942163947
05/19/14 04:00,8.718253677
05/19/14 05:00,8.278898162
05/19/14 06:00,8.777243807
05/19/14 07:00,8.130669752
05/19/14 08:00,8.902943397
05/19/14 09:00,8.171947921
05/19/14 10:00,8.402879172
05/19/14 11:00,8.723208352
05/19/14 12:00,9.22837357
05/19/14 13:00,9.552676069
05/19/14 14:00,9.28313057
05/19/14 15:00,9.1358887
05/19/14 16:00,9.266773114
05/19/14 17:00,9.628059001
05/19/14 18:00,9.504768067
05/19/14 19:00,9.806848548
05/19/14 20:00,9.950777937
05/19/14 21:00,9.94323217
05/19/14 22:00,9.107129865
05/19/14 23:00,9.231992256
05/20/14 00:00,9.480309469
05/20/14 01:00,9.489798283
05/20/14 02:00,9.938000523
05/20/14 03:00,9.186514581
05/20/14 04:00,10.0415529
05/20/14 05:00,9.607935058
05/20/14 06:00,9.526822956
05/20/14 07:00,9.712023557
05/20/14 08:00,9.656702084
05/20/14 09:00,8.903068339
05/20/14 10:00,9.369026571
05/20/14 11:00,9.554163252
05/20/14 12:00,9.573190744
05/20/14 13:00,9.54428037
05/20/14 14:00,9.743594772
05/20/14 15:00,9.196712449
05/20/14 16:00,10.03527154
05/20/14 17:00,9.333050744
05/20/14 18:00,9.351098104
05/20/14 19:00,9.214928187
05/20/14 20:00,9.6788162
05/20/14 21:00,8.955635375
05/20/14 22:00,9.036469892
05/20/14 23:00,9.317484562
05/21/14 00:00,8.918206278
05/21/14 01:00,9.175689028
05/21/14 02:00,9.55315996
05/21/14 03:00,8.615297933
05/21/14 04:00,9.598960972
05/21/14 05:00,9.068157413
05/21/14 06:00,9.477179181
05/21/14 07:00,8.812577857
05/21/14 08:00,9.444864131
05/21/14 09:00,9.518744115
05/21/14 10:00,9.299220516
05/21/14 11:00,8.98672096
05/21/14 12:00,6.112413699
05/21/14 13:00,6.161772257
05/21/14 14:00,5.537039565
05/21/14 15:00,5.215586027
05/21/14 16:00,5.570504083
05/21/14 17:00,5.490889857
05/21/14 18:00,5.426812203
05/21/14 19:00,5.6011859
05/21/14 20:00,5.477221884
05/21/14 21:00,5.37665325
05/21/14 22:00,5.320265633
05/21/14 23:00,5.693589423
05/22/14 00:00,5.935673317
05/22/14 01:00,5.652098905
05/22/14 02:00,5.772306471
05/22/14 03:00,5.723009809
05/22/14 04:00,5.668797786
05/22/14 05:00,5.798913063
05/22/14 06:00,5.846267529
05/22/14 07:00,6.039906014
05/22/14 08:00,5.67017482
05/22/14 09:00,5.774523549
05/22/14 10:00,5.456293979
05/22/14 11:00,5.436895963
05/22/14 12:00,5.832904799
05/22/14 13:00,6.046454823
05/22/14 14:00,5.399384307
05/22/14 15:00,5.675860964
05/22/14 16:00,5.454430105
05/22/14 17:00,5.478073704
05/22/14 18:00,5.53446822
05/22/14 19:00,5.563659498
05/22/14 20:00,5.761378442
05/22/14 21:00,5.638908242
05/22/14 22:00,5.317398233
05/22/14 23:00,5.663712963
05/23/14 00:00,5.026690702
05/23/14 01:00,5.159918397
05/23/14 02:00,5.060678262
05/23/14 03:00,5.262731525
05/23/14 04:00,5.310637739
05/23/14 05:00,5.459372813
05/23/14 06:00,5.631017059
05/23/14 07:00,5.639481505
05/23/14 08:00,5.326432001
05/23/14 09:00,5.540899177
05/23/14 10:00,5.620528834
05/23/14 11:00,5.306036517
05/23/14 12:00,5.886033574
05/23/14 13:00,5.32467788
05/23/14 14:00,5.703656871
05/23/14 15:00,5.915653877
05/23/14 16:00,5.668792812
05/23/14 17:00,5.270482029
05/23/14 18:00,5.629942914
05/23/14 19:00,5.559378745
05/23/14 20:00,5.831994797
05/23/14 21:00,5.218199471
05/23/14 22:00,5.380740288
05/23/14 23:00,5.444685879
05/24/14 00:00,5.482511349
05/24/14 01:00,5.525484529
05/24/14 02:00,5.563424511
05/24/14 03:00,5.282122781
05/24/14 04:00,5.685528185
05/24/14 05:00,5.374724412
05/24/14 06:00,5.643132158
05/24/14 07:00,5.631136049
05/24/14 08:00,5.519186232
05/24/14 09:00,5.439766853
05/24/14 10:00,5.622873598
05/24/14 11:00,5.453408029
05/24/14 12:00,5.705151084
05/24/14 13:00,5.474947321
05/24/14 14:00,5.629109609
05/24/14 15:00,5.463535341
05/24/14 16:00,5.36152224
05/24/14 17:00,5.45230318
05/24/14 18:00,5.769113211
05/24/14 19:00,5.821348553
05/24/14 20:00,5.403133876
05/24/14 21:00,5.577484995
05/24/14 22:00,5.230658636
05/24/14 23:00,5.525901965
05/25/14 00:00,5.377127817
05/25/14 01:00,5.48818804
05/25/14 02:00,5.404505891
05/25/14 03:00,5.279534266
05/25/14 04:00,5.366996176
05/25/14 05:00,5.743141016
05/25/14 06:00,5.728023721
05/25/14 07:00,5.685169412
05/25/14 08:00,5.612831847
05/25/14 09:00,5.631428132
05/25/14 10:00,5.844608552
05/25/14 11:00,5.609511136
05/25/14 12:00,5.424413496
05/25/14 13:00,5.711795016
05/25/14 14:00,5.358834966
05/25/14 15:00,5.745272215
05/25/14 16:00,5.378821798
05/25/14 17:00,5.380914134
05/25/14 18:00,5.462490849
05/25/14 19:00,5.582871548
05/25/14 20:00,5.557765136
05/25/14 21:00,5.391807362
05/25/14 22:00,5.667469364
05/25/14 23:00,5.565823
05/26/14 00:00,6.057208459
05/26/14 01:00,5.941106273
05/26/14 02:00,5.899313791
05/26/14 03:00,5.929395337
05/26/14 04:00,5.911977346
05/26/14 05:00,5.589890319
05/26/14 06:00,6.30215741
05/26/14 07:00,6.392073839
05/26/14 08:00,6.076153896
05/26/14 09:00,5.919080907
05/26/14 10:00,5.933553057
05/26/14 11:00,6.25682788
05/26/14 12:00,6.359073552
05/26/14 13:00,5.557565751
05/26/14 14:00,5.667334733
05/26/14 15:00,6.102019211
05/26/14 16:00,5.801421136
05/26/14 17:00,5.545309692
05/26/14 18:00,5.903541336
05/26/14 19:00,5.638666078
05/26/14 20:00,5.881046133
05/26/14 21:00,5.866339811
05/26/14 22:00,5.827806142
05/26/14 23:00,5.669647212
05/27/14 00:00,6.158495924
05/27/14 01:00,5.633396174
05/27/14 02:00,5.617941671
05/27/14 03:00,5.834854202
05/27/14 04:00,6.126487711
05/27/14 05:00,5.96602917
05/27/14 06:00,5.857286096
05/27/14 07:00,5.603368426
05/27/14 08:00,5.779690263
05/27/14 09:00,5.797931112
05/27/14 10:00,5.338340915
05/27/14 11:00,4.029364664
05/27/14 12:00,4.044333137
05/27/14 13:00,3.89676414
05/27/14 14:00,4.111776292
05/27/14 15:00,4.217870128
05/27/14 16:00,4.316428212
05/27/14 17:00,4.197678968
05/27/14 18:00,3.818421403
05/27/14 19:00,3.686936163
05/27/14 20:00,3.914650551
05/27/14 21:00,3.720054712
05/27/14 22:00,3.866045725
05/27/14 23:00,3.866449852
05/28/14 00:00,3.920031254
05/28/14 01:00,3.824724287
05/28/14 02:00,3.816030321
05/28/14 03:00,3.924021121
05/28/14 04:00,3.874565034
05/28/14 05:00,3.641776038
05/28/14 06:00,4.085156697
05/28/14 07:00,3.987614071
05/28/14 08:00,3.889128292
05/28/14 09:00,3.961345515
05/28/14 10:00,4.01398976
05/28/14 11:00,4.026416658
05/28/14 12:00,3.824942305
05/28/14 13:00,3.970464156
05/28/14 14:00,4.000397162
05/28/14 15:00,3.985911371
05/28/14 16:00,3.743039993
05/28/14 17:00,3.877269323
05/28/14 18:00,3.989917747
05/28/14 19:00,4.039275747
05/28/14 20:00,4.283123901
05/28/14 21:00,4.009479825
05/28/14 22:00,4.011434052
05/28/14 23:00,4.245294228
05/29/14 00:00,4.120415199
05/29/14 01:00,4.10847737
05/29/14 02:00,3.987192225
05/29/14 03:00,4.145321487
05/29/14 04:00,4.024913575
05/29/14 05:00,4.035824332
05/29/14 06:00,3.789171308
05/29/14 07:00,3.814405151
05/29/14 08:00,3.876836662
05/29/14 09:00,3.937667155
05/29/14 10:00,3.974182188
05/29/14 11:00,4.201604519
05/29/14 12:00,4.751637459
05/29/14 13:00,5.624131827
05/29/14 14:00,5.760776142
05/29/14 15:00,5.742731813
05/29/14 16:00,5.74561878
05/29/14 17:00,5.777070625
05/29/14 18:00,5.53514635
05/29/14 19:00,5.475693631
05/29/14 20:00,5.824406831
05/29/14 21:00,5.658837253
05/29/14 22:00,5.749919155
05/29/14 23:00,5.772919947
05/30/14 00:00,5.436624568
05/30/14 01:00,5.638805956
05/30/14 02:00,5.768807939
05/30/14 03:00,5.605321766
05/30/14 04:00,5.390885799
05/30/14 05:00,5.760913922
05/30/14 06:00,5.726365621
05/30/14 07:00,5.791532396
05/30/14 08:00,5.922793859
05/30/14 09:00,5.941497098
05/30/14 10:00,5.646016487
05/30/14 11:00,5.899177495
05/30/14 12:00,5.901181675
05/30/14 13:00,5.677986426
05/30/14 14:00,5.860263516
05/30/14 15:00,5.637450966
05/30/14 16:00,5.506173233
05/30/14 17:00,5.847708808
05/30/14 18:00,5.735348399
05/30/14 19:00,5.996159593
05/30/14 20:00,5.737309533
05/30/14 21:00,5.661911366
05/30/14 22:00,5.608970613
05/30/14 23:00,5.647987633
05/31/14 00:00,5.399642482
05/31/14 01:00,5.78441615
05/31/14 02:00,5.947908945
05/31/14 03:00,5.851144594
05/31/14 04:00,5.573121431
05/31/14 05:00,5.705278478
05/31/14 06:00,5.503367849
05/31/14 07:00,5.824411292
05/31/14 08:00,6.173640395
05/31/14 09:00,5.70970717
05/31/14 10:00,5.770170371
05/31/14 11:00,5.706775652
05/31/14 12:00,5.580761514
05/31/14 13:00,5.732890134
05/31/14 14:00,5.585273789
05/31/14 15:00,5.730148166
05/31/14 16:00,5.998756615
05/31/14 17:00,5.50580987
05/31/14 18:00,5.702093104
05/31/14 19:00,5.735467127
05/31/14 20:00,5.600515975
05/31/14 21:00,5.642708396
05/31/14 22:00,5.641095071
05/31/14 23:00,5.617146682
